CustomerID,recency,frequency,monetary,customer_segment
14646,23,73,315274.58,Champion
18102,22,60,287491.91,Champion
17450,30,46,215199.83,Champion
16446,22,2,168472.50,Potential
14911,23,201,156692.47,Champion
12346,347,1,154367.20,"At Risk"
14156,31,55,134476.55,Loyal
12415,46,21,132007.51,Loyal
17511,24,31,101635.60,Champion
16029,60,63,96276.75,Loyal
15061,25,48,77203.05,Champion
13694,25,50,72068.64,Champion
16684,26,28,69766.96,Champion
13089,24,97,69717.87,Champion
15311,22,91,68957.50,Champion
15749,257,3,67532.70,"At Risk"
14096,26,17,65164.79,Champion
15769,29,26,61889.00,Champion
17949,23,45,60256.48,Champion
14298,30,44,58991.86,Champion
14088,32,13,58036.72,Loyal
13798,23,57,46100.29,Champion
17841,23,124,45252.52,Champion
12931,43,15,42232.96,Loyal
16013,25,47,41538.70,Champion
15098,204,3,39916.50,"At Risk"
16422,39,51,39267.43,Loyal
17404,26,15,38679.88,Champion
12748,22,209,38366.63,Champion
15838,33,19,34600.58,Loyal
13081,33,11,34231.80,Loyal
14680,47,16,34230.92,Loyal
13777,22,33,33271.58,Champion
13408,23,62,32357.10,Champion
17389,22,34,32298.02,Champion
13098,23,28,29531.24,Champion
17857,26,23,28219.74,Champion
16210,23,18,28096.94,Champion
16333,29,22,26626.80,Champion
12753,44,6,25019.98,Loyal
12471,24,30,24451.86,Champion
17381,30,29,24091.33,Champion
15039,31,47,24010.80,Loyal
12744,73,7,23332.36,Potential
17675,23,31,22362.76,Champion
15159,23,30,21339.13,Champion
14031,29,19,21281.32,Champion
13767,24,37,20330.60,Champion
12731,45,12,19967.81,Loyal
15856,26,27,19668.88,Champion
17428,22,28,19144.64,Champion
17677,23,30,18479.93,Champion
12681,36,22,18452.53,Loyal
16839,30,34,18280.38,Champion
14051,22,23,17922.45,Champion
12678,64,12,17849.74,Potential
12921,31,37,17756.59,Loyal
12901,30,28,17654.54,Champion
15513,55,19,17172.48,Loyal
12433,22,7,17162.99,Loyal
13881,25,20,17159.52,Champion
15189,23,41,16943.87,Champion
15498,24,27,16821.04,Champion
17340,51,11,16713.68,Loyal
14607,37,14,16569.50,Loyal
14733,38,12,16033.13,Loyal
12557,38,5,16028.08,Loyal
15640,26,15,15884.79,Champion
14258,31,9,15790.20,Loyal
12540,41,17,15428.43,Loyal
16705,22,20,15166.71,Champion
12621,23,20,15073.32,Champion
16133,25,33,14912.75,Champion
14606,23,93,14902.48,Champion
14866,32,12,14493.58,Loyal
13078,25,26,14273.68,Champion
12682,25,31,14198.62,Champion
17735,24,19,14158.66,Champion
16525,24,26,14136.94,Champion
13093,297,8,13900.94,"At Risk"
13113,22,24,13667.82,Champion
14062,31,12,13561.24,Loyal
12939,86,8,13515.00,Potential
12477,44,6,13219.74,Loyal
13319,27,26,12907.52,Champion
12536,65,3,12601.83,Potential
16000,24,3,12393.70,Potential
13458,29,14,12321.61,Champion
12971,25,86,12283.38,Champion
17581,22,25,12280.77,Champion
18092,24,11,12180.10,Champion
12709,37,15,12169.11,Loyal
15615,32,23,12124.53,Loyal
16779,24,22,12066.50,Champion
12451,32,5,11955.03,Loyal
15482,37,12,11778.60,Loyal
13488,39,13,11708.52,Loyal
17865,52,20,11606.15,Loyal
14769,24,8,11545.74,Loyal
14667,32,25,11545.11,Loyal
15125,47,15,11528.48,Loyal
14194,26,21,11349.52,Champion
12567,44,10,11343.66,Loyal
15502,37,12,11314.33,Loyal
13001,26,13,11188.66,Champion
14895,29,20,11138.71,Champion
12409,100,3,11072.67,"At Risk"
17017,24,20,11051.90,Champion
17706,26,17,10982.32,Champion
13199,25,38,10957.32,Champion
16843,64,16,10955.63,Potential
15078,29,32,10941.46,Champion
17107,55,6,10815.43,Loyal
17850,394,34,10782.42,"At Risk"
13340,67,7,10736.48,Potential
17139,37,12,10668.47,Loyal
15251,31,11,10484.99,Loyal
12683,26,15,10271.79,Champion
16180,122,8,10254.18,"At Risk"
13090,30,14,10221.98,Champion
16523,23,21,10162.37,Champion
15358,26,22,10116.49,Champion
15044,41,17,10102.38,Loyal
14527,24,55,10094.71,Champion
17243,23,26,9962.50,Champion
16033,27,20,9870.19,Champion
12590,233,2,9864.26,"At Risk"
13969,29,18,9716.77,Champion
17306,32,19,9704.25,Loyal
16558,22,20,9520.32,Champion
15194,25,15,9507.07,Champion
15601,33,14,9446.84,Loyal
13854,30,25,9368.91,Champion
16656,44,15,9364.84,Loyal
14796,23,17,9345.05,Champion
16873,26,6,9281.26,Loyal
14367,30,16,9261.52,Champion
18109,23,26,9088.39,Champion
12472,54,7,9028.77,Loyal
15465,41,18,9006.82,Loyal
12539,44,4,9000.05,Potential
12980,179,9,8986.14,"At Risk"
14849,43,25,8957.27,Loyal
13225,25,7,8934.28,Loyal
12583,24,15,8867.40,Champion
12766,25,7,8825.40,Loyal
14952,81,11,8785.65,Potential
16532,39,3,8659.20,Potential
18055,29,10,8535.31,Champion
15290,26,18,8497.32,Champion
17811,26,39,8469.95,Champion
13629,45,11,8452.36,Loyal
18139,39,6,8438.34,Loyal
13027,135,6,8352.00,"At Risk"
18229,33,20,8290.00,Loyal
16814,36,21,8278.91,Loyal
14961,32,9,8227.38,Loyal
14056,23,23,8214.65,Champion
17338,39,8,8182.28,Loyal
16923,34,19,8163.31,Loyal
14936,55,8,8137.02,Loyal
16672,24,20,8134.94,Champion
12474,39,18,7975.59,Loyal
12428,47,9,7956.46,Loyal
12989,25,15,7936.61,Champion
12626,45,9,7894.58,Loyal
12757,37,13,7857.10,Loyal
13102,23,24,7855.07,Champion
15023,25,11,7840.66,Champion
12435,101,2,7829.89,"At Risk"
13324,58,10,7772.05,Loyal
16353,25,23,7733.31,Champion
15032,278,3,7729.70,"At Risk"
17396,61,8,7728.30,Potential
12705,37,9,7726.29,Loyal
15694,22,14,7724.52,Champion
13418,33,18,7707.05,Loyal
13576,32,18,7690.17,Loyal
16713,40,15,7681.67,Loyal
14060,26,19,7669.22,Champion
12431,57,15,7646.08,Loyal
18223,26,14,7641.53,Champion
12755,302,2,7606.35,"At Risk"
13263,23,35,7595.73,Champion
18172,36,20,7561.68,Loyal
12637,89,8,7538.58,Potential
16767,52,11,7446.62,Loyal
16746,26,18,7400.40,Champion
13050,36,17,7359.82,Loyal
16553,185,12,7329.26,"At Risk"
13018,38,28,7277.70,Loyal
14505,39,8,7273.05,Loyal
15727,38,7,7270.56,Loyal
16729,60,21,7239.92,Loyal
16745,108,17,7194.30,"At Risk"
14057,45,17,7143.88,Loyal
13097,54,10,7086.61,Loyal
13985,26,15,7060.13,Champion
14415,23,13,7011.06,Champion
12481,44,10,6990.75,Loyal
12798,32,3,6977.04,Potential
14735,25,32,6972.09,Champion
17858,27,12,6937.26,Champion
15005,37,28,6928.03,Loyal
17315,23,38,6923.50,Champion
12359,79,4,6920.08,Potential
16187,53,15,6911.44,Loyal
13468,23,37,6907.82,Champion
17416,51,7,6893.42,Loyal
15939,111,15,6877.07,"At Risk"
12476,37,11,6828.87,Loyal
12830,59,6,6814.64,Loyal
13709,25,13,6802.75,Champion
16652,80,7,6773.97,Potential
13668,24,21,6749.81,Champion
14101,95,6,6728.39,"At Risk"
13534,24,25,6720.23,Champion
15808,328,4,6718.74,"At Risk"
14049,38,4,6713.55,Potential
15249,53,13,6688.46,Loyal
17809,38,12,6663.41,Loyal
13004,33,18,6658.30,Loyal
16191,24,13,6655.74,Champion
16182,94,4,6617.65,"At Risk"
15144,30,17,6580.44,Champion
14329,39,7,6562.42,Loyal
18118,32,26,6553.13,Loyal
14135,23,15,6502.22,Champion
17937,30,7,6455.10,Loyal
17757,23,30,6450.04,Champion
15093,40,6,6441.15,Loyal
12720,24,25,6438.86,Champion
13178,48,11,6435.47,Loyal
13871,44,13,6403.25,Loyal
17230,286,8,6398.42,"At Risk"
16985,39,10,6397.44,Loyal
15379,191,7,6385.38,"At Risk"
14688,29,21,6378.07,Champion
16161,23,19,6352.11,Champion
15299,89,7,6342.02,Potential
17690,52,15,6341.35,Loyal
13013,23,13,6339.28,Champion
15218,32,11,6338.55,Loyal
12839,24,14,6328.87,Champion
13209,52,8,6321.81,Loyal
16265,31,9,6287.81,Loyal
16126,51,4,6287.77,Potential
12490,27,10,6282.15,Champion
16701,30,13,6241.18,Champion
13941,43,5,6208.08,Loyal
12357,55,1,6207.67,"At Risk"
14180,32,25,6204.87,Loyal
13756,24,14,6193.92,Champion
14085,24,18,6192.23,Champion
16303,47,3,6187.81,Potential
17509,79,8,6115.14,Potential
13680,23,4,6114.01,Potential
14800,69,12,6097.58,Potential
15291,47,15,6040.49,Loyal
15514,34,11,6024.17,Loyal
13269,23,15,6008.40,Champion
15046,31,15,5983.97,Loyal
13316,59,4,5977.73,Potential
15547,29,14,5960.88,Champion
15382,36,6,5955.71,Loyal
16700,30,13,5921.85,Champion
14944,51,12,5900.25,Loyal
15805,45,17,5899.28,Loyal
13599,23,21,5875.65,Champion
17602,24,6,5870.02,Loyal
15555,34,16,5794.99,Loyal
15301,72,12,5743.72,Potential
17686,29,7,5739.46,Loyal
15034,37,8,5734.96,Loyal
18198,26,17,5726.10,Champion
15570,29,12,5717.86,Champion
14110,25,12,5683.15,Champion
12484,54,6,5680.39,Loyal
15298,24,12,5672.98,Champion
17049,24,9,5659.98,Loyal
17716,44,11,5655.99,Loyal
18226,66,11,5645.35,Potential
14709,37,13,5643.09,Loyal
17730,25,13,5609.96,Champion
14189,24,15,5604.86,Champion
17365,34,8,5544.22,Loyal
12664,30,9,5543.46,Loyal
17975,37,13,5542.18,Loyal
18225,25,12,5539.12,Champion
14299,30,9,5531.56,Loyal
16722,39,13,5530.33,Loyal
14755,31,11,5498.74,Loyal
12347,24,7,5497.18,Loyal
16609,37,7,5493.46,Loyal
15719,54,13,5478.65,Loyal
15738,40,16,5458.57,Loyal
13267,24,19,5455.46,Champion
14146,30,5,5432.43,Loyal
13069,22,24,5421.18,Champion
12370,73,4,5413.71,Potential
17719,59,15,5396.04,Loyal
12437,23,18,5344.11,Champion
18041,33,21,5340.61,Loyal
14439,341,1,5322.48,"At Risk"
15150,39,10,5314.47,Loyal
17061,95,11,5232.23,"At Risk"
12362,25,10,5226.23,Champion
12747,24,11,5205.32,Champion
16258,67,5,5203.51,Potential
16931,27,21,5184.04,Champion
15903,31,7,5126.76,Loyal
13124,111,3,5122.65,"At Risk"
12712,50,13,5117.41,Loyal
17920,26,17,5099.86,Champion
14016,183,4,5094.95,"At Risk"
12356,44,3,5083.05,Potential
14562,25,18,5074.77,Champion
13139,38,7,5064.94,Loyal
12432,64,5,5059.32,Potential
14525,41,9,5059.15,Loyal
17611,29,15,5047.29,Champion
13815,44,4,5039.37,Potential
17426,30,6,5037.26,Loyal
12429,31,4,5031.90,Potential
12444,43,5,5005.46,Loyal
16327,36,6,5002.44,Loyal
14092,29,14,4997.14,Champion
15955,46,14,4988.64,Loyal
17068,34,21,4953.59,Loyal
12700,29,4,4939.99,Potential
15786,68,3,4932.20,Potential
17419,33,12,4931.04,Loyal
13174,38,3,4925.30,Potential
12841,26,25,4922.13,Champion
17364,22,11,4917.41,Champion
12647,44,12,4916.42,Loyal
17133,37,7,4892.24,Loyal
14159,41,11,4886.23,Loyal
17377,45,20,4886.00,Loyal
14390,32,9,4876.52,Loyal
16670,38,11,4874.41,Loyal
12688,135,1,4873.81,"At Risk"
15296,72,6,4872.19,Potential
14292,29,9,4871.93,Loyal
17652,47,12,4867.72,Loyal
17567,29,8,4849.43,Loyal
14739,26,7,4845.72,Loyal
12779,59,8,4842.74,Loyal
12524,31,8,4823.11,Loyal
14534,24,18,4802.17,Champion
15187,23,16,4777.18,Champion
17001,22,11,4762.46,Champion
12955,23,11,4757.16,Champion
15867,27,15,4749.76,Champion
15152,31,13,4745.69,Loyal
17091,24,9,4715.91,Loyal
12714,31,5,4708.86,Loyal
17819,93,7,4684.99,"At Risk"
14191,23,13,4684.76,Champion
14286,45,3,4628.75,Potential
16945,43,19,4625.35,Loyal
13520,80,6,4612.87,Potential
16019,68,9,4610.39,Potential
16655,39,6,4606.77,Loyal
14401,26,13,4603.60,Champion
12500,45,11,4602.76,Loyal
13802,160,3,4599.42,"At Risk"
17593,25,5,4590.24,Loyal
16401,23,12,4586.22,Champion
13198,32,6,4585.98,Loyal
13183,29,9,4582.82,Loyal
14004,65,7,4582.64,Potential
15529,44,11,4566.12,Loyal
17613,44,14,4559.15,Loyal
13523,55,5,4531.83,Loyal
14040,62,12,4528.97,Potential
13999,32,12,4511.51,Loyal
12727,32,7,4495.20,Loyal
14426,45,10,4481.67,Loyal
16984,110,2,4481.35,"At Risk"
12627,32,7,4478.53,Loyal
16145,30,11,4468.33,Champion
14907,25,7,4461.79,Loyal
12957,31,8,4431.22,Loyal
16626,22,17,4413.10,Champion
15874,85,7,4405.88,Potential
12578,43,2,4403.17,Potential
17406,355,3,4400.84,"At Risk"
12625,233,2,4400.44,"At Risk"
12867,48,7,4399.61,Loyal
13505,94,4,4393.63,"At Risk"
12553,30,10,4392.59,Champion
17769,34,10,4374.29,Loyal
13327,60,8,4372.77,Loyal
13448,38,6,4368.91,Loyal
12752,103,1,4366.78,"At Risk"
12501,358,1,4338.78,"At Risk"
13758,33,7,4331.80,Loyal
18251,109,1,4314.72,"At Risk"
16186,44,12,4314.62,Loyal
14282,25,15,4300.34,Champion
16904,26,16,4285.23,Champion
13426,22,10,4280.75,Champion
12668,33,4,4277.02,Potential
16549,32,10,4274.13,Loyal
14565,117,4,4266.53,"At Risk"
14307,110,6,4266.28,"At Risk"
12417,25,9,4263.88,Loyal
14422,22,6,4263.64,Loyal
17238,24,17,4253.29,Champion
14702,23,17,4251.54,Champion
14277,37,3,4216.20,Potential
12643,150,6,4215.84,"At Risk"
15804,22,13,4206.39,Champion
15971,39,12,4199.85,Loyal
14395,24,9,4197.07,Loyal
17491,23,10,4191.79,Champion
16168,32,27,4191.10,Loyal
14543,50,16,4188.53,Loyal
17722,118,4,4167.62,"At Risk"
12949,52,8,4167.22,Loyal
16717,45,6,4165.63,Loyal
13384,52,7,4151.93,Loyal
13555,95,4,4149.28,"At Risk"
13988,41,6,4147.96,Loyal
15708,62,7,4146.69,Potential
12569,24,32,4124.69,Champion
16592,26,16,4113.68,Champion
12662,22,11,4111.26,Champion
17940,71,10,4106.44,Potential
12480,50,4,4097.88,Potential
12749,25,5,4090.88,Loyal
12449,44,4,4067.29,Potential
17799,44,10,4066.64,Loyal
17576,30,19,4063.50,Champion
18087,120,2,4055.72,"At Risk"
13552,88,12,4053.77,Potential
12656,39,5,4051.17,Loyal
13148,51,12,4016.52,Loyal
17685,38,7,4016.05,Loyal
13953,29,7,4015.68,Loyal
15845,39,8,4015.13,Loyal
12378,151,1,4008.62,"At Risk"
14547,25,8,4007.54,Loyal
15581,142,13,4005.93,"At Risk"
16754,394,1,4004.80,"At Risk"
16607,39,14,4002.53,Loyal
13842,80,9,3999.19,Potential
13082,148,9,3993.07,"At Risk"
15416,86,4,3984.32,Potential
15998,58,5,3953.36,Loyal
17651,33,10,3945.00,Loyal
12473,51,5,3938.55,Loyal
16003,51,5,3916.37,Loyal
15544,31,9,3901.25,Loyal
17188,33,7,3898.67,Loyal
14291,23,11,3883.25,Champion
18073,136,12,3877.52,"At Risk"
15195,24,1,3861.00,"At Risk"
12916,160,4,3854.00,"At Risk"
15485,52,3,3853.63,Potential
15673,110,4,3850.97,"At Risk"
13266,33,12,3834.26,Loyal
17059,51,5,3817.40,Loyal
12597,41,4,3811.22,Potential
13435,27,7,3809.89,Loyal
13993,64,9,3789.51,Potential
12562,30,7,3781.74,Loyal
16011,30,16,3768.81,Champion
17173,27,8,3766.60,Loyal
14221,64,9,3745.75,Potential
14145,68,4,3742.20,Potential
16570,37,10,3738.40,Loyal
12502,117,5,3723.87,"At Risk"
14099,38,11,3722.31,Loyal
14257,86,5,3719.86,Potential
16240,46,2,3718.80,Potential
17213,62,7,3718.18,Potential
14364,130,8,3717.35,"At Risk"
17838,48,5,3714.86,Loyal
15622,65,9,3709.56,Potential
12395,41,12,3698.55,Loyal
14841,75,6,3690.92,Potential
16253,88,2,3683.86,Potential
12594,59,10,3679.22,Loyal
16458,24,18,3676.64,Champion
15443,23,7,3674.62,Loyal
14639,74,6,3661.03,Potential
18079,67,4,3651.97,Potential
13137,32,8,3650.41,Loyal
16712,31,11,3645.43,Loyal
12619,38,9,3641.24,Loyal
16440,29,5,3640.67,Loyal
13381,53,6,3639.31,Loyal
17528,23,8,3628.50,Loyal
16556,88,7,3624.64,Potential
15505,74,5,3610.96,Potential
15113,31,3,3609.33,Potential
13047,53,10,3604.17,Loyal
16242,30,7,3603.21,Loyal
13742,38,12,3600.20,Loyal
14032,24,11,3595.01,Champion
15484,23,4,3594.31,Potential
14132,24,11,3586.03,Champion
17231,34,10,3573.01,Loyal
17203,57,6,3563.85,Loyal
16218,51,7,3555.98,Loyal
18144,29,12,3548.80,Champion
14175,81,3,3544.88,Potential
17863,81,6,3544.72,Potential
14440,30,5,3543.39,Loyal
14503,25,6,3543.26,Loyal
13334,104,3,3536.82,"At Risk"
12454,78,1,3528.34,"At Risk"
14388,32,8,3525.64,Loyal
17160,53,6,3518.03,Loyal
17220,46,14,3515.75,Loyal
15696,55,8,3513.97,Loyal
16360,26,6,3512.53,Loyal
16131,73,6,3506.54,Potential
15179,40,5,3492.57,Loyal
16326,27,14,3481.51,Champion
12782,26,5,3478.35,Loyal
16497,71,6,3478.07,Potential
17739,33,7,3473.94,Loyal
13014,32,10,3466.28,Loyal
17758,41,8,3456.70,Loyal
16477,85,7,3456.17,Potential
15410,106,8,3450.84,"At Risk"
13536,23,7,3448.29,Loyal
15129,72,11,3447.40,Potential
15974,61,7,3442.15,Potential
17725,38,11,3439.08,Loyal
17504,228,9,3438.18,"At Risk"
15676,40,3,3435.76,Potential
18260,194,6,3430.97,"At Risk"
13869,145,4,3428.57,"At Risk"
16686,69,7,3427.81,Potential
13769,24,10,3422.83,Champion
15854,26,12,3418.95,Champion
12406,44,2,3415.30,Potential
15981,46,8,3408.48,Loyal
13437,36,7,3408.06,Loyal
17669,64,7,3406.72,Potential
14243,30,10,3389.17,Champion
12764,338,1,3387.76,"At Risk"
15228,88,4,3386.71,Potential
13451,48,5,3377.64,Loyal
16618,53,5,3375.75,Loyal
17965,59,14,3368.92,Loyal
17659,39,12,3359.41,Loyal
16905,27,7,3356.83,Loyal
18097,29,6,3354.98,Loyal
14227,48,10,3350.96,Loyal
16818,32,11,3349.57,Loyal
17183,29,6,3347.31,Loyal
15687,30,9,3346.60,Loyal
13015,75,5,3346.28,Potential
18077,30,11,3344.47,Champion
12613,79,5,3344.38,Potential
16393,24,13,3337.76,Champion
17744,25,6,3330.80,Loyal
15332,388,4,3322.12,"At Risk"
12967,380,2,3321.80,"At Risk"
13880,43,13,3317.57,Loyal
15235,239,12,3316.35,"At Risk"
17655,32,7,3315.04,Loyal
14713,31,11,3314.45,Loyal
13373,82,3,3312.25,Potential
12585,256,2,3302.95,"At Risk"
16255,38,8,3293.76,Loyal
17069,50,9,3292.90,Loyal
15632,37,8,3285.31,Loyal
15764,110,6,3279.97,"At Risk"
17723,149,6,3276.40,"At Risk"
17827,27,5,3267.26,Loyal
13983,51,12,3263.37,Loyal
12377,337,2,3256.24,"At Risk"
13952,239,2,3251.07,"At Risk"
16316,86,8,3247.13,Potential
17924,33,7,3241.50,Loyal
16143,25,6,3236.29,Loyal
17050,118,6,3228.84,"At Risk"
15606,83,9,3225.76,Potential
14334,38,8,3224.78,Loyal
17596,45,7,3220.55,Loyal
13268,39,11,3214.69,Loyal
12388,37,6,3211.96,Loyal
17402,26,13,3205.72,Champion
17449,24,7,3205.12,Loyal
16107,39,7,3204.16,Loyal
16782,32,13,3197.49,Loyal
12708,51,10,3193.97,Loyal
13868,29,2,3192.54,Potential
14844,85,4,3189.81,Potential
15628,26,9,3189.42,Loyal
12456,66,3,3181.04,Potential
12726,50,7,3180.96,Loyal
17672,72,2,3178.17,Potential
16837,53,11,3170.98,Loyal
14572,25,7,3168.47,Loyal
16041,52,3,3166.40,Potential
15861,34,8,3165.36,Loyal
15373,30,12,3164.36,Champion
15065,59,4,3158.13,Potential
15033,26,10,3156.74,Champion
17634,58,9,3147.62,Loyal
14544,46,2,3146.37,Potential
14235,97,5,3144.86,"At Risk"
18075,45,10,3143.78,Loyal
16919,178,11,3136.46,"At Risk"
15356,53,10,3132.04,Loyal
17787,174,4,3131.38,"At Risk"
14659,30,9,3123.10,Loyal
16156,30,9,3122.04,Loyal
13685,24,7,3119.44,Loyal
15281,80,9,3112.57,Potential
16678,24,12,3109.99,Champion
12383,206,5,3102.44,"At Risk"
15491,117,6,3100.09,"At Risk"
17211,48,8,3096.93,Loyal
13135,218,1,3096.00,"At Risk"
14290,33,5,3092.21,Loyal
13362,31,4,3090.74,Potential
13901,94,5,3081.60,"At Risk"
18272,24,6,3078.58,Loyal
12910,45,8,3075.04,Loyal
13631,121,11,3070.42,"At Risk"
15984,24,10,3068.26,Champion
14107,73,7,3066.47,Potential
16928,102,17,3065.10,"At Risk"
14456,27,9,3062.40,Loyal
13230,26,14,3056.06,Champion
16940,74,3,3049.88,Potential
16241,31,13,3045.90,Loyal
14030,40,8,3036.59,Loyal
12483,39,8,3032.54,Loyal
16709,106,5,3029.87,"At Risk"
12598,31,8,3023.08,Loyal
15157,25,3,3021.53,Potential
18094,103,7,3017.30,"At Risk"
12754,257,3,3010.74,"At Risk"
15527,40,8,3010.08,Loyal
16710,41,10,3008.01,Loyal
15521,62,8,3000.20,Potential
12670,32,5,2996.05,Loyal
16081,78,5,2964.50,Potential
16735,100,5,2960.92,"At Risk"
14868,25,8,2953.59,Loyal
16912,50,11,2952.68,Loyal
17084,57,2,2949.75,Potential
13564,166,3,2947.40,"At Risk"
14701,32,9,2945.82,Loyal
16456,121,5,2945.77,"At Risk"
12721,53,6,2942.73,Loyal
17591,95,7,2942.00,"At Risk"
17444,169,3,2940.04,"At Risk"
18245,29,7,2932.79,Loyal
14530,47,6,2925.91,Loyal
17512,50,10,2924.99,Loyal
17346,25,15,2924.40,Champion
12906,33,5,2919.81,Loyal
12348,97,4,2917.48,"At Risk"
14112,44,7,2915.15,Loyal
13141,106,5,2913.32,"At Risk"
14045,131,4,2911.50,"At Risk"
13495,29,5,2910.30,Loyal
12438,36,2,2906.85,Potential
14732,30,8,2905.59,Loyal
12913,26,5,2901.25,Loyal
15752,61,7,2897.03,Potential
17644,23,11,2895.64,Champion
12408,54,5,2888.55,Loyal
13735,46,4,2885.24,Potential
16633,39,6,2883.10,Loyal
14251,23,5,2879.70,Loyal
17728,25,3,2876.01,Potential
14005,31,5,2874.72,Loyal
12600,50,10,2873.84,Loyal
15271,29,15,2871.92,Champion
14711,32,11,2868.80,Loyal
17682,32,6,2865.83,Loyal
14535,82,3,2864.19,Potential
12685,50,6,2863.08,Loyal
18145,34,4,2861.55,Potential
16550,130,5,2853.63,"At Risk"
14852,80,6,2836.69,Potential
18061,43,10,2828.59,Loyal
14842,65,4,2824.69,Potential
16871,44,6,2812.34,Loyal
14903,43,5,2810.63,Loyal
18230,31,7,2810.20,Loyal
15750,24,8,2806.00,Loyal
16764,25,13,2799.25,Champion
14560,29,22,2798.19,Champion
15993,30,7,2797.57,Loyal
12758,138,2,2791.59,"At Risk"
14626,45,4,2791.27,Potential
14121,25,4,2780.15,Potential
13982,61,4,2775.61,Potential
13021,26,9,2773.73,Loyal
15394,31,4,2771.20,Potential
13870,24,8,2770.94,Loyal
15114,52,10,2760.56,Loyal
14854,100,7,2759.83,"At Risk"
13971,40,8,2758.26,Loyal
15321,92,3,2748.31,"At Risk"
12669,172,3,2744.03,"At Risk"
14808,61,8,2741.17,Potential
14125,32,3,2740.43,Potential
18065,27,14,2737.85,Champion
16938,30,4,2736.38,Potential
17218,26,10,2736.35,Champion
12840,165,4,2726.77,"At Risk"
14409,93,6,2725.55,"At Risk"
12380,43,4,2724.81,Potential
14828,218,3,2721.76,"At Risk"
17954,27,12,2715.94,Champion
18259,46,3,2714.90,Potential
14215,33,6,2711.83,Loyal
15796,23,8,2711.56,Loyal
13285,45,4,2709.12,Potential
13654,65,6,2707.33,Potential
17386,29,6,2686.42,Loyal
17530,23,10,2685.64,Champion
13883,32,5,2674.48,Loyal
13246,40,6,2670.41,Loyal
16743,51,7,2668.37,Loyal
14696,26,7,2667.20,Loyal
12360,74,3,2662.06,Potential
15811,44,6,2657.42,Loyal
15671,40,7,2657.13,Loyal
14766,30,6,2653.77,Loyal
14466,51,7,2652.15,Loyal
13851,117,3,2651.46,"At Risk"
13126,26,8,2646.95,Loyal
17082,55,2,2640.79,Potential
13658,31,5,2639.17,Loyal
13804,52,7,2635.79,Loyal
15549,99,3,2635.36,"At Risk"
13862,40,8,2634.46,Loyal
13771,86,4,2634.45,Potential
12520,101,5,2634.26,"At Risk"
16293,43,10,2627.74,Loyal
13422,86,1,2626.30,"At Risk"
13644,38,4,2624.26,Potential
14825,25,12,2623.34,Champion
15983,44,4,2623.29,Potential
18210,23,6,2621.38,Loyal
14978,94,5,2620.96,"At Risk"
15057,297,2,2620.50,"At Risk"
13659,227,2,2618.60,"At Risk"
14262,30,8,2618.23,Loyal
13328,338,1,2616.96,"At Risk"
15782,31,3,2614.74,Potential
14397,24,19,2612.96,Champion
12836,81,4,2612.86,Potential
13831,38,6,2610.99,Loyal
13136,78,5,2607.61,Potential
17368,45,8,2606.67,Loyal
14408,32,7,2606.53,Loyal
17191,50,7,2605.24,Loyal
17317,68,3,2600.34,Potential
13593,130,5,2596.93,"At Risk"
13895,50,4,2593.07,Potential
12935,24,7,2592.33,Loyal
13911,79,9,2580.91,Potential
16244,233,2,2579.38,"At Risk"
15171,353,1,2579.00,"At Risk"
14546,27,5,2578.09,Loyal
13784,31,11,2576.43,Loyal
14210,127,6,2574.45,"At Risk"
15518,86,8,2573.10,Potential
15370,62,7,2570.25,Potential
16308,59,4,2560.00,Potential
17400,148,5,2554.13,"At Risk"
15572,26,7,2552.86,Loyal
14472,125,8,2550.98,"At Risk"
14676,53,6,2548.24,Loyal
13344,89,3,2543.72,Potential
16771,55,5,2543.47,Loyal
14239,65,11,2540.45,Potential
14776,73,11,2538.30,Potential
15002,137,4,2534.91,"At Risk"
17700,38,4,2534.64,Potential
13471,23,4,2531.58,Potential
17314,46,8,2527.92,Loyal
13975,53,6,2526.28,Loyal
15365,47,7,2522.93,Loyal
13394,23,8,2520.02,Loyal
14341,67,8,2517.91,Potential
15245,156,3,2515.84,"At Risk"
13317,88,6,2511.73,Potential
12352,58,8,2506.04,Loyal
13695,53,15,2504.13,Loyal
12517,50,5,2502.84,Loyal
14309,30,9,2500.28,Loyal
15932,26,8,2495.87,Loyal
14315,66,6,2481.13,Potential
13507,25,4,2479.16,Potential
13588,37,9,2478.95,Loyal
15288,65,5,2472.17,Potential
14502,41,11,2470.67,Loyal
17164,54,7,2467.35,Loyal
12455,95,6,2466.86,"At Risk"
16875,89,5,2464.33,Potential
17131,27,5,2463.17,Loyal
17696,60,8,2461.31,Loyal
18219,24,10,2459.83,Champion
12928,57,5,2455.04,Loyal
15674,95,5,2446.60,"At Risk"
16150,64,5,2446.44,Potential
14163,109,4,2445.91,"At Risk"
13162,144,4,2441.55,"At Risk"
16098,109,7,2436.23,"At Risk"
16954,22,9,2431.88,Loyal
17071,50,9,2429.03,Loyal
13949,24,6,2427.32,Loyal
18239,240,5,2424.03,"At Risk"
14209,32,6,2421.38,Loyal
13700,48,10,2421.13,Loyal
15089,32,6,2420.84,Loyal
18179,31,6,2416.07,Loyal
14810,62,11,2414.87,Potential
12397,57,2,2409.90,Potential
17589,82,4,2404.17,Potential
15980,110,3,2398.86,"At Risk"
13527,55,7,2397.96,Loyal
12853,156,6,2384.50,"At Risk"
14493,29,5,2383.24,Loyal
14533,46,7,2383.22,Loyal
14554,32,4,2381.04,Potential
15270,37,7,2379.49,Loyal
13722,153,3,2375.41,"At Risk"
17434,24,7,2373.82,Loyal
16719,36,7,2373.60,Loyal
16455,85,7,2373.16,Potential
14930,130,3,2372.86,"At Risk"
13908,101,4,2369.55,"At Risk"
17284,82,6,2368.69,Potential
17790,48,14,2365.10,Loyal
15755,32,6,2364.25,Loyal
12457,88,7,2363.23,Potential
15140,74,7,2354.25,Potential
14001,67,3,2344.32,Potential
17861,25,8,2342.66,Loyal
12704,29,8,2340.84,Loyal
12584,25,9,2338.15,Loyal
18257,61,8,2337.63,Potential
16496,30,3,2336.22,Potential
18069,48,5,2334.33,Loyal
15785,54,5,2328.97,Loyal
17313,53,1,2328.84,"At Risk"
13048,36,4,2313.52,Potential
13994,25,6,2313.14,Loyal
18283,25,16,2309.88,Champion
13704,27,9,2308.06,Loyal
16714,240,3,2308.06,"At Risk"
17085,145,5,2307.09,"At Risk"
13094,43,12,2303.64,Loyal
16409,58,5,2300.44,Loyal
15105,40,7,2298.93,Loyal
14217,23,17,2295.48,Champion
13115,33,4,2294.78,Potential
15704,162,4,2293.62,"At Risk"
14653,23,7,2292.36,Loyal
12615,24,4,2291.19,Potential
16983,34,7,2290.00,Loyal
12684,29,7,2283.63,Loyal
16270,375,1,2282.48,"At Risk"
14506,39,5,2281.87,Loyal
12868,207,6,2280.27,"At Risk"
14113,25,4,2273.92,Potential
16503,128,4,2273.72,"At Risk"
17768,30,3,2273.18,Potential
14442,226,2,2265.40,"At Risk"
16057,38,7,2263.12,Loyal
16209,110,5,2262.62,"At Risk"
17228,37,8,2262.04,Loyal
14432,31,6,2255.51,Loyal
17442,58,6,2248.56,Loyal
18008,92,9,2247.00,"At Risk"
15665,190,2,2242.01,"At Risk"
14211,75,9,2241.10,Potential
14700,54,3,2235.30,Potential
15351,34,7,2234.78,Loyal
16076,25,10,2234.73,Champion
15834,92,4,2233.75,"At Risk"
15497,39,2,2232.80,Potential
18242,94,4,2232.49,"At Risk"
14226,50,5,2232.19,Loyal
15260,122,7,2231.27,"At Risk"
12783,24,6,2225.91,Loyal
13365,55,2,2225.37,Potential
15722,57,5,2222.56,Loyal
12963,30,8,2222.43,Loyal
15797,135,4,2222.40,"At Risk"
12393,94,4,2222.10,"At Risk"
17293,30,9,2221.25,Loyal
17870,24,12,2220.75,Champion
12876,79,2,2218.02,Potential
12653,170,2,2209.85,"At Risk"
12947,165,6,2209.69,"At Risk"
15827,95,14,2204.37,"At Risk"
15123,29,2,2199.31,Potential
15641,127,4,2195.57,"At Risk"
15950,53,4,2194.33,Potential
16628,51,5,2188.05,Loyal
15596,122,5,2184.06,"At Risk"
12856,29,6,2179.93,Loyal
17519,39,6,2179.32,Loyal
15864,44,6,2178.74,Loyal
12909,61,5,2178.67,Potential
12826,24,7,2171.82,Loyal
12633,80,4,2163.98,Potential
18044,26,10,2162.85,Champion
13755,25,9,2161.35,Loyal
14407,129,6,2157.73,"At Risk"
16379,26,4,2157.40,Potential
13224,82,2,2155.95,Potential
16966,30,7,2154.97,Loyal
15024,31,10,2152.55,Loyal
17272,64,4,2148.63,Potential
12645,55,4,2144.48,Potential
14524,53,9,2143.13,Loyal
13305,26,10,2137.06,Champion
16539,24,4,2136.06,Potential
12560,27,3,2134.01,Potential
13517,81,3,2128.42,Potential
14360,53,4,2128.23,Potential
16407,34,10,2126.93,Loyal
14640,46,6,2125.08,Loyal
15058,47,11,2124.99,Loyal
14498,64,5,2123.54,Potential
17457,148,5,2123.50,"At Risk"
13632,46,5,2121.27,Loyal
15021,30,9,2120.46,Loyal
14691,52,5,2114.33,Loyal
14462,88,11,2113.32,Potential
14669,263,3,2112.44,"At Risk"
14673,25,5,2109.89,Loyal
13265,75,5,2107.66,Potential
18173,108,4,2106.84,"At Risk"
18093,115,4,2106.52,"At Risk"
17090,26,7,2105.15,Loyal
15916,38,8,2103.15,Loyal
14461,170,3,2103.06,"At Risk"
14515,39,6,2102.09,Loyal
16889,216,3,2101.72,"At Risk"
16775,32,11,2101.71,Loyal
15815,85,5,2100.60,Potential
12610,44,5,2099.54,Loyal
13107,66,4,2098.46,Potential
15464,360,1,2097.70,"At Risk"
12423,22,8,2097.24,Loyal
14621,23,5,2094.06,Loyal
14306,73,2,2093.32,Potential
13571,34,12,2092.32,Loyal
17490,22,7,2092.32,Loyal
13297,29,4,2089.85,Potential
18116,89,8,2083.60,Potential
18231,214,5,2083.27,"At Risk"
17873,102,5,2074.31,"At Risk"
13890,23,10,2074.16,Champion
18241,31,17,2073.09,Loyal
15953,37,8,2071.57,Loyal
14482,40,6,2068.15,Loyal
14573,201,9,2066.52,"At Risk"
12948,38,7,2064.95,Loyal
16281,94,1,2062.06,"At Risk"
16676,55,4,2056.94,Potential
12518,22,5,2056.89,Loyal
17667,88,5,2055.51,Potential
14188,52,6,2054.36,Loyal
17629,27,8,2052.77,Loyal
17086,29,6,2050.08,Loyal
12530,81,4,2049.68,Potential
17612,75,6,2048.45,Potential
14232,64,5,2048.07,Potential
17625,40,4,2047.00,Potential
15812,129,5,2045.94,"At Risk"
17597,235,1,2044.37,"At Risk"
13450,48,6,2043.72,Loyal
16153,71,5,2039.24,Potential
17846,107,1,2033.10,"At Risk"
13630,27,7,2031.78,Loyal
17673,23,6,2031.54,Loyal
17337,173,4,2027.87,"At Risk"
16358,23,4,2027.50,Potential
13764,92,3,2021.65,"At Risk"
13715,303,5,2021.19,"At Risk"
15341,102,1,2020.52,"At Risk"
15531,30,2,2007.44,Potential
15372,159,1,2007.40,"At Risk"
14730,23,8,2005.06,Loyal
14229,73,3,2004.17,Potential
15493,54,5,2001.80,Loyal
18188,37,3,2001.04,Potential
16698,248,2,1998.00,"At Risk"
16748,39,5,1994.90,Loyal
18204,93,3,1993.70,"At Risk"
17679,74,2,1992.11,Potential
17088,50,4,1991.01,Potential
14608,26,4,1989.15,Potential
13590,33,6,1981.92,Loyal
13725,71,8,1980.56,Potential
17422,38,6,1979.37,Loyal
15620,78,3,1977.67,Potential
16791,51,7,1977.16,Loyal
13750,75,5,1972.70,Potential
16817,24,9,1972.05,Loyal
16341,46,4,1971.87,Potential
17997,96,8,1970.67,"At Risk"
12674,60,4,1970.60,Potential
17671,37,4,1966.89,Potential
17554,23,5,1952.45,Loyal
13168,58,4,1951.37,Potential
13627,81,5,1949.66,Potential
15814,38,4,1945.33,Potential
17311,100,2,1941.31,"At Risk"
14541,80,8,1940.90,Potential
16395,82,5,1937.46,Potential
15532,47,4,1937.28,Potential
14418,25,3,1937.25,Potential
13634,55,5,1937.16,Loyal
12528,31,6,1933.48,Loyal
14655,30,4,1932.23,Potential
14970,90,4,1929.56,Potential
14312,68,6,1921.14,Potential
16942,34,9,1920.59,Loyal
15380,30,5,1920.36,Loyal
18161,37,5,1920.22,Loyal
14901,33,9,1918.34,Loyal
15898,23,5,1910.57,Loyal
14285,43,4,1910.01,Potential
16365,39,9,1908.88,Loyal
16426,24,10,1908.25,Champion
15819,71,4,1905.45,Potential
14250,29,3,1904.05,Potential
17019,33,4,1902.52,Potential
12762,29,2,1898.52,Potential
17463,38,5,1896.41,Loyal
14741,33,6,1895.64,Loyal
16638,44,10,1894.34,Loyal
12523,41,11,1892.72,Loyal
18178,150,4,1891.46,"At Risk"
16016,25,8,1891.03,Loyal
14934,103,2,1890.94,"At Risk"
14404,55,6,1890.40,Loyal
12371,66,2,1887.96,Potential
14748,51,5,1886.17,Loyal
16170,72,6,1885.05,Potential
16128,39,5,1880.22,Loyal
17961,43,39,1879.29,Loyal
17738,41,4,1879.05,Potential
15367,79,4,1877.59,Potential
17372,62,8,1875.86,Potential
15392,26,4,1874.51,Potential
16986,51,2,1873.20,Potential
16474,29,7,1871.50,Loyal
17469,38,5,1870.97,Loyal
16841,58,6,1869.82,Loyal
16711,25,5,1865.23,Loyal
16201,25,4,1863.47,Potential
13313,44,5,1862.62,Loyal
14887,101,1,1862.00,"At Risk"
14305,93,3,1858.96,"At Risk"
15426,41,5,1858.81,Loyal
14321,32,5,1857.57,Loyal
15111,51,3,1855.98,Potential
16979,25,6,1852.00,Loyal
13421,62,2,1851.08,Potential
12381,26,5,1845.31,Loyal
13397,94,5,1844.05,"At Risk"
18180,26,6,1843.75,Loyal
16359,29,9,1843.32,Loyal
12950,24,3,1843.00,Potential
17015,50,3,1842.56,Potential
16102,64,3,1842.14,Potential
12652,353,1,1839.96,"At Risk"
14216,25,4,1839.30,Potential
13924,23,6,1838.85,Loyal
14459,177,1,1837.92,"At Risk"
18287,64,3,1837.28,Potential
13650,38,6,1836.34,Loyal
14665,82,5,1835.70,Potential
16152,290,1,1829.04,"At Risk"
15203,47,6,1827.80,Loyal
18122,30,6,1826.21,Loyal
17702,52,4,1824.37,Potential
17705,25,9,1823.52,Loyal
16169,30,4,1822.97,Potential
15858,37,5,1822.78,Loyal
14587,40,9,1821.99,Loyal
17828,44,4,1820.09,Potential
13614,46,4,1816.21,Potential
16755,136,3,1812.89,"At Risk"
15680,31,3,1812.57,Potential
15660,47,9,1810.16,Loyal
18016,54,5,1808.31,Loyal
14878,34,9,1807.55,Loyal
13481,67,5,1804.56,Potential
17663,47,7,1802.91,Loyal
15777,263,4,1800.26,"At Risk"
16249,74,5,1800.07,Potential
13562,103,3,1799.33,"At Risk"
13196,33,4,1797.78,Potential
17750,27,9,1797.57,Loyal
17648,82,4,1797.50,Potential
18235,93,3,1796.48,"At Risk"
13134,107,4,1793.58,"At Risk"
13510,23,4,1791.56,Potential
13875,75,5,1786.79,Potential
12877,25,12,1786.03,Champion
14935,319,1,1784.71,"At Risk"
17277,249,2,1782.37,"At Risk"
15050,47,3,1782.09,Potential
16380,83,1,1780.59,"At Risk"
15220,73,6,1778.96,Potential
17092,72,4,1777.78,Potential
17754,22,5,1772.26,Loyal
15594,37,5,1771.78,Loyal
15473,36,7,1771.20,Loyal
17813,36,5,1770.88,Loyal
14387,54,3,1770.56,Potential
16681,94,6,1770.34,"At Risk"
13456,39,6,1766.72,Loyal
16751,52,1,1764.72,"At Risk"
12424,184,2,1760.96,"At Risk"
12823,96,5,1759.50,"At Risk"
12349,40,1,1757.55,"At Risk"
15241,88,8,1756.44,Potential
15100,355,3,1752.00,"At Risk"
13455,46,2,1751.28,Potential
13396,51,2,1748.26,Potential
13808,27,5,1747.66,Loyal
15067,100,3,1744.76,"At Risk"
13157,71,4,1741.22,Potential
14595,41,6,1740.60,Loyal
13491,73,10,1740.56,Potential
17930,57,5,1740.48,Loyal
17353,151,2,1740.00,"At Risk"
17043,54,4,1735.18,Potential
14443,75,4,1723.70,Potential
16059,87,6,1723.11,Potential
17451,23,7,1721.40,Loyal
14834,39,6,1720.30,Loyal
15267,44,5,1717.36,Loyal
17162,50,10,1715.46,Loyal
13763,85,1,1714.96,"At Risk"
17147,44,4,1714.59,Potential
12854,100,3,1714.40,"At Risk"
14414,113,7,1714.18,"At Risk"
14441,22,4,1712.89,Potential
12405,170,1,1710.39,"At Risk"
15947,104,1,1708.24,"At Risk"
12407,71,5,1708.12,Potential
16902,138,1,1706.88,"At Risk"
15240,66,5,1706.57,Potential
17412,24,7,1705.82,Loyal
16398,176,2,1705.80,"At Risk"
17282,152,3,1703.41,"At Risk"
12843,87,8,1702.26,Potential
16007,69,4,1701.94,Potential
13184,36,10,1701.29,Loyal
18125,51,4,1699.45,Potential
17193,57,7,1699.30,Loyal
13824,54,5,1698.94,Loyal
15611,31,13,1695.70,Loyal
14245,241,2,1693.45,"At Risk"
16222,340,1,1693.44,"At Risk"
16813,30,10,1692.98,Champion
17324,39,4,1692.46,Potential
16671,50,3,1692.27,Potential
17152,216,3,1689.50,"At Risk"
12635,111,2,1689.18,"At Risk"
17676,26,6,1688.38,Loyal
13577,47,4,1687.60,Potential
17158,54,3,1680.76,Potential
13647,31,4,1678.12,Potential
13149,36,4,1676.06,Potential
17656,95,5,1674.69,"At Risk"
15563,44,4,1670.63,Potential
16115,31,8,1667.97,Loyal
15716,167,4,1665.91,"At Risk"
15569,125,5,1664.21,"At Risk"
12510,164,2,1663.62,"At Risk"
12912,24,5,1662.30,Loyal
13012,31,8,1661.84,Loyal
15214,23,8,1661.44,Loyal
17288,31,7,1656.85,Loyal
16083,122,2,1655.60,"At Risk"
15826,78,3,1654.31,Potential
17320,122,3,1651.54,"At Risk"
14837,111,4,1649.50,"At Risk"
12657,33,4,1643.18,Potential
17095,44,3,1637.31,Potential
15197,32,3,1636.11,Potential
12398,67,1,1635.66,"At Risk"
17894,93,8,1635.66,"At Risk"
15122,136,3,1633.78,"At Risk"
15649,358,2,1632.00,"At Risk"
14164,92,2,1631.77,"At Risk"
13029,52,3,1630.00,Potential
14723,32,6,1629.30,Loyal
16515,74,5,1627.13,Potential
14759,26,3,1625.97,Potential
16987,25,7,1625.05,Loyal
13425,130,3,1624.21,"At Risk"
15172,30,5,1624.05,Loyal
14937,78,3,1621.88,Potential
17101,32,4,1621.73,Potential
14178,30,7,1620.93,Loyal
18168,198,6,1619.88,"At Risk"
16801,185,4,1619.73,"At Risk"
17621,43,3,1619.30,Potential
14336,38,4,1614.91,Potential
16992,32,5,1614.31,Loyal
15791,65,2,1612.69,Potential
14918,137,2,1610.15,"At Risk"
14047,30,5,1604.83,Loyal
16466,55,7,1603.46,Loyal
14719,23,5,1602.13,Loyal
14737,25,3,1598.55,Potential
13850,151,1,1595.48,"At Risk"
17837,64,8,1593.38,Potential
16332,50,7,1593.20,Loyal
16996,52,6,1584.50,Loyal
12607,82,1,1579.51,"At Risk"
13814,114,2,1579.12,"At Risk"
13186,61,3,1575.89,Potential
13848,114,3,1575.00,"At Risk"
16283,27,5,1570.81,Loyal
12865,48,2,1568.23,Potential
15906,41,7,1567.69,Loyal
15987,34,7,1564.76,Loyal
17204,197,4,1564.56,"At Risk"
14916,92,4,1564.03,"At Risk"
14233,71,4,1563.57,Potential
16271,24,5,1562.46,Loyal
14038,100,3,1560.38,"At Risk"
14898,45,6,1559.22,Loyal
12735,337,2,1559.14,"At Risk"
15841,94,4,1555.66,"At Risk"
16394,78,5,1555.34,Potential
16369,40,3,1553.66,Potential
15117,36,5,1551.78,Loyal
17585,131,4,1550.88,"At Risk"
16660,38,4,1550.25,Potential
13320,100,4,1548.70,"At Risk"
13819,323,3,1548.65,"At Risk"
14704,33,9,1546.91,Loyal
16790,25,6,1545.62,Loyal
14708,24,3,1545.43,Potential
17609,62,5,1542.26,Potential
13310,50,3,1542.21,Potential
15701,24,4,1542.14,Potential
12818,283,1,1542.08,"At Risk"
13155,55,4,1540.96,Potential
17159,43,3,1538.88,Potential
13849,73,2,1537.95,Potential
15227,58,5,1537.63,Loyal
15625,125,4,1534.26,"At Risk"
12997,44,4,1532.44,Potential
12759,74,3,1531.44,Potential
14567,78,2,1530.36,Potential
14913,57,4,1528.30,Potential
15059,62,9,1523.45,Potential
16434,51,7,1522.25,Loyal
17262,74,5,1522.22,Potential
16066,38,5,1521.87,Loyal
13213,78,5,1520.58,Potential
14738,64,7,1519.22,Potential
16880,52,7,1519.08,Loyal
14267,184,3,1516.24,"At Risk"
13791,149,2,1516.00,"At Risk"
13280,144,3,1514.22,"At Risk"
16053,54,2,1511.95,Potential
16726,48,5,1511.59,Loyal
15602,30,9,1510.42,Loyal
16910,26,8,1510.06,Loyal
13370,393,1,1509.74,"At Risk"
16279,43,3,1509.58,Potential
13253,178,2,1506.88,"At Risk"
15265,173,2,1506.12,"At Risk"
12937,37,4,1504.27,Potential
15530,43,4,1502.35,Potential
16762,41,3,1501.38,Potential
13810,50,3,1499.01,Potential
14794,24,7,1499.01,Loyal
17571,72,4,1498.51,Potential
17002,107,3,1493.73,"At Risk"
16350,43,4,1493.17,Potential
14256,282,2,1492.92,"At Risk"
13110,53,7,1488.67,Loyal
14744,38,7,1488.48,Loyal
13692,46,3,1488.32,Potential
14963,31,5,1487.80,Loyal
17553,151,1,1487.60,"At Risk"
14625,218,2,1485.16,"At Risk"
13117,43,8,1484.84,Loyal
14758,166,4,1484.06,"At Risk"
16531,44,7,1483.51,Loyal
15427,55,3,1483.14,Potential
16493,101,4,1479.43,"At Risk"
17590,24,3,1479.22,Potential
14083,26,9,1478.32,Loyal
13330,114,3,1476.75,"At Risk"
14403,152,4,1475.81,"At Risk"
13611,111,3,1474.95,"At Risk"
14246,132,3,1474.06,"At Risk"
18171,80,5,1471.76,Potential
15128,82,4,1471.00,Potential
16348,54,7,1469.45,Loyal
14875,129,2,1465.32,"At Risk"
12882,31,2,1463.04,Potential
17063,43,7,1461.14,Loyal
13158,116,4,1457.47,"At Risk"
13309,29,5,1456.79,Loyal
13477,59,6,1454.58,Loyal
16899,29,6,1452.11,Loyal
14428,29,5,1448.38,Loyal
14740,219,3,1448.21,"At Risk"
13538,65,7,1447.65,Potential
14591,37,4,1447.14,Potential
17073,39,4,1446.09,Potential
13717,54,6,1445.01,Loyal
13461,60,3,1445.00,Potential
17175,66,4,1443.69,Potential
12691,50,6,1442.00,Loyal
15478,62,2,1441.42,Potential
14071,25,8,1438.82,Loyal
13159,30,4,1437.85,Potential
17526,26,4,1434.50,Potential
14566,132,1,1432.00,"At Risk"
13475,213,4,1431.78,"At Risk"
16103,29,6,1429.64,Loyal
14035,50,5,1428.02,Loyal
15681,47,5,1426.16,Loyal
16567,216,2,1423.16,"At Risk"
15106,39,5,1422.52,Loyal
16463,43,4,1422.40,Potential
16571,48,3,1421.69,Potential
14019,68,3,1421.61,Potential
14775,80,3,1418.46,Potential
16173,37,6,1418.32,Loyal
15444,31,2,1418.26,Potential
17951,61,3,1418.04,Potential
17856,23,4,1418.03,Potential
14649,26,4,1417.29,Potential
16833,23,4,1416.01,Potential
16012,57,3,1415.29,Potential
12609,100,3,1414.78,"At Risk"
16245,45,3,1413.66,Potential
17004,68,2,1412.94,Potential
15237,23,4,1412.32,Potential
14293,25,4,1411.48,Potential
17083,131,3,1405.78,"At Risk"
15079,234,4,1404.85,"At Risk"
14684,47,5,1404.64,Loyal
13652,67,3,1403.88,Potential
16062,31,4,1401.18,Potential
18202,221,3,1396.99,"At Risk"
13995,37,5,1393.69,Loyal
14161,237,3,1393.67,"At Risk"
15605,58,5,1393.08,Loyal
17354,72,1,1393.06,"At Risk"
15810,100,4,1391.98,"At Risk"
15051,45,3,1391.61,Potential
13414,155,3,1390.50,"At Risk"
13707,289,2,1389.82,"At Risk"
13516,43,3,1389.41,Potential
15453,23,7,1388.37,Loyal
15134,36,8,1387.99,Loyal
12952,27,4,1387.79,Potential
17041,48,3,1386.07,Potential
12775,39,5,1386.04,Loyal
13308,44,3,1385.51,Potential
17802,104,3,1385.24,"At Risk"
18167,45,3,1384.86,Potential
13572,227,1,1384.25,"At Risk"
14507,45,6,1383.18,Loyal
14116,41,5,1382.74,Loyal
16389,75,4,1382.07,Potential
15910,22,8,1381.67,Loyal
18085,352,2,1379.90,"At Risk"
12886,89,2,1378.40,Potential
13165,68,2,1376.12,Potential
16669,45,3,1374.87,Potential
14434,43,6,1372.80,Loyal
16520,208,3,1372.33,"At Risk"
15095,125,4,1370.60,"At Risk"
12951,30,6,1370.16,Loyal
13813,61,4,1366.86,Potential
14897,29,4,1366.38,Potential
16949,25,6,1360.69,Loyal
14102,27,5,1360.28,Loyal
15192,141,3,1359.32,"At Risk"
15411,48,4,1358.88,Potential
14081,324,2,1358.04,"At Risk"
13232,34,7,1357.60,Loyal
17054,50,5,1356.33,Loyal
17135,38,7,1355.31,Loyal
14064,51,5,1353.74,Loyal
14859,34,4,1353.74,Potential
15116,39,4,1352.75,Potential
16079,38,3,1352.00,Potential
12770,232,1,1351.45,"At Risk"
16950,78,3,1350.56,Potential
12646,26,2,1346.97,Potential
14154,261,2,1345.62,"At Risk"
13221,262,2,1345.57,"At Risk"
15398,38,2,1345.53,Potential
12463,75,4,1344.78,Potential
16918,71,6,1344.60,Potential
16317,141,3,1341.65,"At Risk"
13743,24,7,1341.60,Loyal
18177,53,6,1341.42,Loyal
16045,141,4,1340.70,"At Risk"
13501,310,1,1340.32,"At Risk"
15734,136,2,1339.45,"At Risk"
12620,36,3,1339.41,Potential
14532,258,4,1338.25,"At Risk"
17033,108,3,1337.94,"At Risk"
16110,67,3,1337.48,Potential
16725,324,7,1336.92,"At Risk"
12919,30,6,1335.19,Loyal
17800,59,9,1335.06,Loyal
17932,51,3,1331.57,Potential
12676,46,6,1331.39,Loyal
15658,212,5,1330.30,"At Risk"
16295,31,4,1328.55,Potential
15146,186,2,1327.16,"At Risk"
15822,25,2,1325.67,Potential
17018,62,2,1325.10,Potential
17633,53,4,1324.84,Potential
15996,110,6,1323.93,"At Risk"
13064,34,4,1322.79,Potential
14487,48,6,1321.43,Loyal
16370,104,4,1320.56,"At Risk"
12526,22,3,1316.66,Potential
14921,52,2,1316.07,Potential
12576,57,5,1315.83,Loyal
14511,33,5,1314.81,Loyal
16464,41,3,1314.68,Potential
14973,129,3,1314.45,"At Risk"
16040,87,3,1313.55,Potential
12364,29,4,1313.10,Potential
12516,99,2,1312.06,"At Risk"
14856,58,3,1311.38,Potential
14514,83,3,1310.60,Potential
14477,41,4,1309.60,Potential
16120,81,4,1309.14,Potential
12494,37,7,1308.65,Loyal
13211,32,3,1308.12,Potential
14297,39,4,1305.33,Potential
12507,156,3,1304.81,"At Risk"
16744,33,7,1304.76,Loyal
17919,110,1,1304.04,"At Risk"
15813,229,2,1303.91,"At Risk"
17470,66,5,1303.47,Potential
15108,163,4,1300.25,"At Risk"
15494,43,2,1299.23,Potential
12488,31,3,1298.66,Potential
16086,81,5,1298.65,Potential
16163,254,2,1298.20,"At Risk"
12372,93,3,1298.04,"At Risk"
17720,48,4,1297.94,Potential
16929,25,7,1295.39,Loyal
16224,79,4,1295.30,Potential
17341,178,3,1294.96,"At Risk"
14224,132,4,1294.42,"At Risk"
15621,26,4,1293.03,Potential
15574,199,4,1292.40,"At Risk"
17618,27,3,1291.86,Potential
16101,92,1,1290.70,"At Risk"
17287,48,7,1286.81,Loyal
15136,24,4,1286.70,Potential
17350,30,4,1286.07,Potential
13878,76,1,1281.53,"At Risk"
16951,156,3,1277.75,"At Risk"
15211,82,2,1277.48,Potential
13846,46,3,1276.46,Potential
16692,278,2,1276.00,"At Risk"
12394,85,2,1272.48,Potential
12630,31,2,1270.88,Potential
13492,158,3,1269.84,"At Risk"
13431,89,2,1269.10,Potential
15199,81,4,1268.70,Potential
16943,233,3,1267.76,"At Risk"
17037,109,1,1267.32,"At Risk"
14105,261,1,1266.23,"At Risk"
13989,87,2,1266.08,Potential
14657,39,4,1264.30,Potential
16842,122,3,1264.19,"At Risk"
15009,34,3,1261.78,Potential
16688,23,4,1260.86,Potential
17388,99,4,1259.56,"At Risk"
17646,241,3,1259.39,"At Risk"
15587,72,4,1258.56,Potential
13151,317,1,1257.87,"At Risk"
14931,26,5,1257.68,Loyal
16639,53,3,1257.51,Potential
17481,25,4,1255.59,Potential
13929,191,2,1255.50,"At Risk"
15835,66,4,1255.20,Potential
14698,23,5,1250.76,Loyal
14383,60,3,1247.69,Potential
12689,47,2,1247.61,Potential
16718,391,1,1247.50,"At Risk"
15004,169,1,1246.32,"At Risk"
13860,23,5,1245.90,Loyal
14344,149,8,1245.58,"At Risk"
17584,29,2,1242.30,Potential
17097,24,8,1242.06,Loyal
17236,34,6,1241.74,Loyal
17588,122,3,1240.20,"At Risk"
17214,82,6,1240.17,Potential
17731,101,4,1240.11,"At Risk"
12985,22,2,1239.38,Potential
13476,200,2,1238.47,"At Risk"
14893,31,2,1237.85,Potential
13931,117,2,1237.53,"At Risk"
12413,88,3,1237.35,Potential
15201,109,5,1236.54,"At Risk"
15376,62,3,1233.36,Potential
16551,117,3,1233.19,"At Risk"
18080,40,2,1231.50,Potential
17552,82,4,1228.93,Potential
13030,33,2,1227.22,Potential
12412,96,3,1226.88,"At Risk"
17774,118,4,1225.41,"At Risk"
13208,80,6,1223.90,Potential
16794,23,10,1222.71,Champion
16042,44,5,1222.22,Loyal
14745,134,5,1220.26,"At Risk"
17126,174,5,1217.35,"At Risk"
17410,38,5,1214.72,Loyal
15312,97,4,1214.59,"At Risk"
13055,100,3,1214.41,"At Risk"
17198,45,3,1213.88,Potential
18263,47,3,1213.16,Potential
13918,71,2,1212.84,Potential
16653,38,2,1212.66,Potential
12464,32,8,1212.05,Loyal
17653,58,4,1207.56,Potential
14577,34,4,1206.61,Potential
13984,48,5,1205.26,Loyal
15737,36,8,1205.12,Loyal
15799,97,3,1204.36,"At Risk"
17890,344,2,1204.18,"At Risk"
16800,33,1,1201.49,"At Risk"
13104,25,6,1200.24,Loyal
12872,348,2,1199.94,"At Risk"
13118,41,5,1197.81,Loyal
17867,52,6,1197.10,Loyal
15062,93,4,1196.94,"At Risk"
15145,26,4,1194.73,Potential
17905,93,4,1194.39,"At Risk"
12611,74,1,1193.32,"At Risk"
13882,24,5,1191.13,Loyal
12462,40,2,1189.59,Potential
16612,54,4,1187.66,Potential
15862,30,4,1187.11,Potential
15630,67,2,1186.35,Potential
12724,27,4,1186.31,Potential
13752,146,6,1186.28,"At Risk"
14078,123,6,1185.61,"At Risk"
17048,139,3,1183.76,"At Risk"
14419,32,6,1182.16,Loyal
13270,388,1,1180.00,"At Risk"
17058,103,3,1179.89,"At Risk"
12885,85,3,1175.22,Potential
12640,45,3,1174.58,Potential
15306,86,3,1174.35,Potential
16560,48,2,1173.59,Potential
14857,81,2,1173.12,Potential
15222,340,1,1170.00,"At Risk"
12358,23,2,1168.06,Potential
13500,45,3,1166.77,Potential
15110,45,4,1165.75,Potential
16907,51,5,1163.67,Loyal
14261,72,2,1163.45,Potential
14447,40,5,1163.23,Loyal
16085,45,5,1162.86,Loyal
12546,68,2,1161.50,Potential
15088,43,2,1160.07,Potential
17348,36,5,1159.52,Loyal
13499,39,5,1159.11,Loyal
16184,86,6,1158.79,Potential
13744,117,2,1156.36,"At Risk"
13138,44,6,1155.62,Loyal
16037,291,3,1155.48,"At Risk"
14770,254,2,1155.02,"At Risk"
16637,54,4,1154.47,Potential
13496,32,2,1154.34,Potential
13748,117,5,1152.25,"At Risk"
12710,118,3,1149.02,"At Risk"
13963,330,4,1146.93,"At Risk"
17505,183,2,1145.84,"At Risk"
16766,295,2,1145.60,"At Risk"
12769,260,1,1143.60,"At Risk"
17770,220,5,1143.27,"At Risk"
15985,145,2,1142.42,"At Risk"
16172,117,5,1140.21,"At Risk"
15525,24,3,1139.85,Potential
17500,39,3,1138.00,Potential
17302,36,5,1135.63,Loyal
17242,130,2,1135.04,"At Risk"
15489,44,3,1134.28,Potential
16989,29,6,1133.25,Loyal
13282,40,3,1132.14,Potential
13772,55,3,1132.13,Potential
13610,34,7,1131.88,Loyal
15500,30,4,1131.56,Potential
12427,43,3,1129.30,Potential
13447,45,3,1129.14,Potential
14824,32,4,1127.71,Potential
14129,23,5,1123.86,Loyal
15436,34,3,1122.53,Potential
13486,100,3,1122.41,"At Risk"
17562,36,7,1122.38,Loyal
16807,164,3,1121.59,"At Risk"
15730,87,3,1120.88,Potential
14276,120,3,1119.74,"At Risk"
12842,92,2,1118.99,"At Risk"
17788,95,2,1117.90,"At Risk"
14449,40,4,1117.34,Potential
13591,86,3,1117.13,Potential
14971,57,3,1116.57,Potential
12679,80,4,1113.02,Potential
12820,25,4,1112.80,Potential
16049,62,3,1111.79,Potential
15831,80,3,1111.70,Potential
14817,222,2,1110.34,"At Risk"
15069,201,1,1109.53,"At Risk"
12399,141,4,1108.65,"At Risk"
15933,43,3,1107.46,Potential
17980,187,3,1106.65,"At Risk"
12857,232,2,1106.40,"At Risk"
14410,114,9,1105.07,"At Risk"
13782,34,6,1103.94,Loyal
14948,45,6,1101.97,Loyal
17047,107,3,1100.90,"At Risk"
15978,99,1,1098.78,"At Risk"
17966,59,5,1098.43,Loyal
17007,72,6,1097.05,Potential
16225,66,5,1096.32,Potential
16533,41,3,1095.56,Potential
17796,62,4,1094.80,Potential
15745,41,4,1094.59,Potential
15608,50,4,1093.68,Potential
13521,23,3,1093.65,Potential
13329,53,2,1093.20,Potential
16997,310,3,1092.00,"At Risk"
12793,356,2,1090.96,"At Risk"
18189,99,2,1090.24,"At Risk"
13853,79,1,1090.14,"At Risk"
12534,152,1,1089.18,"At Risk"
12728,93,4,1088.87,"At Risk"
15353,276,2,1088.67,"At Risk"
15763,53,2,1086.92,Potential
16546,312,2,1086.55,"At Risk"
17692,149,4,1084.20,"At Risk"
13467,32,2,1083.71,Potential
14829,51,4,1082.88,Potential
16043,59,4,1081.84,Potential
17027,100,6,1081.84,"At Risk"
17227,40,6,1081.57,Loyal
13874,380,1,1080.90,"At Risk"
14561,97,3,1080.76,"At Risk"
16200,26,2,1080.62,Potential
15860,62,8,1079.87,Potential
13726,60,2,1079.66,Potential
12354,254,1,1079.40,"At Risk"
14352,179,4,1078.96,"At Risk"
16980,277,2,1078.96,"At Risk"
16094,33,4,1078.23,Potential
16563,75,1,1077.74,"At Risk"
12838,55,2,1073.92,Potential
18136,85,3,1073.32,Potential
13131,45,3,1073.30,Potential
15712,31,5,1072.36,Loyal
15238,51,3,1071.99,Potential
13635,89,1,1071.03,"At Risk"
17848,103,9,1070.76,"At Risk"
17522,23,5,1070.71,Loyal
13761,72,2,1070.65,Potential
14212,111,1,1070.48,"At Risk"
13385,351,1,1069.14,"At Risk"
15027,52,4,1066.15,Potential
14488,89,1,1064.28,"At Risk"
15801,68,3,1063.95,Potential
12936,39,4,1063.90,Potential
12815,169,2,1063.46,"At Risk"
14411,332,1,1063.00,"At Risk"
16214,192,3,1062.75,"At Risk"
14553,41,5,1061.21,Loyal
15706,85,4,1060.56,Potential
17727,37,1,1060.25,"At Risk"
18130,37,3,1059.39,Potential
14465,268,3,1058.62,"At Risk"
15407,55,4,1056.44,Potential
15977,39,2,1054.73,Potential
16728,68,4,1054.67,Potential
12716,25,2,1053.49,Potential
14583,27,5,1052.55,Loyal
14643,192,2,1051.75,"At Risk"
16416,48,3,1051.40,Potential
12849,53,2,1050.89,Potential
14672,256,2,1050.83,"At Risk"
15329,61,3,1049.70,Potential
15839,55,3,1048.49,Potential
17146,127,3,1048.03,"At Risk"
12559,332,2,1047.82,"At Risk"
17042,24,5,1044.38,Loyal
17180,78,4,1043.57,Potential
14389,87,2,1043.46,Potential
15073,31,3,1043.41,Potential
12497,103,1,1043.10,"At Risk"
13077,23,4,1042.99,Potential
14584,191,4,1042.26,"At Risk"
17884,25,4,1042.07,Potential
12422,117,3,1042.06,"At Risk"
16891,23,5,1041.96,Loyal
13719,37,5,1041.68,Loyal
18221,44,5,1041.61,Loyal
15434,30,5,1041.48,Loyal
14446,22,4,1039.58,Potential
16320,194,2,1038.46,"At Risk"
16175,116,4,1037.59,"At Risk"
16260,72,1,1035.45,"At Risk"
13639,96,1,1033.34,"At Risk"
17724,93,3,1033.00,"At Risk"
12599,51,7,1032.58,Loyal
16770,79,5,1032.30,Potential
16221,58,3,1031.60,Potential
17405,23,3,1031.41,Potential
13235,234,1,1031.07,"At Risk"
12717,173,2,1030.98,"At Risk"
13705,29,3,1030.00,Potential
15333,230,1,1028.56,"At Risk"
16682,26,5,1028.00,Loyal
15104,218,2,1027.44,"At Risk"
13956,27,5,1026.42,Loyal
14904,24,2,1025.44,Potential
16160,87,2,1025.44,Potential
17075,39,4,1022.98,Potential
17096,37,4,1022.13,Potential
14346,142,2,1021.58,"At Risk"
12572,30,2,1020.42,Potential
13376,121,3,1019.76,"At Risk"
18142,179,2,1019.52,"At Risk"
12828,24,6,1018.71,Loyal
12693,149,4,1017.96,"At Risk"
12514,289,1,1017.68,"At Risk"
15164,90,3,1016.44,Potential
13728,58,6,1016.14,Loyal
13867,53,3,1015.29,Potential
12642,47,3,1013.26,Potential
12739,100,2,1013.04,"At Risk"
17197,51,1,1013.01,"At Risk"
14195,223,2,1012.00,"At Risk"
14867,207,3,1011.02,"At Risk"
16229,109,2,1010.60,"At Risk"
13032,74,2,1010.18,Potential
16572,149,3,1009.60,"At Risk"
16174,148,3,1009.55,"At Risk"
17064,80,3,1007.20,Potential
14631,72,3,1006.98,Potential
13429,32,4,1006.80,Potential
14715,46,4,1005.33,Potential
14214,52,5,1004.38,Loyal
13410,46,5,1003.06,Loyal
12446,79,1,1002.31,"At Risk"
15965,39,4,1001.83,Potential
17897,194,3,1001.22,"At Risk"
12545,97,2,1000.39,"At Risk"
15508,211,6,1000.27,"At Risk"
18143,138,2,1000.16,"At Risk"
12722,107,4,997.63,"At Risk"
14540,31,3,996.26,Potential
17594,107,2,993.18,"At Risk"
16009,44,4,992.71,Potential
17076,58,3,992.58,Potential
13363,39,2,992.50,Potential
12924,110,4,991.89,"At Risk"
14223,114,3,991.13,"At Risk"
16232,65,4,990.88,Potential
18237,24,5,987.10,Loyal
16376,30,2,987.01,Potential
14270,353,1,985.30,"At Risk"
17259,170,2,985.01,"At Risk"
17144,23,2,984.57,Potential
15133,149,3,982.42,"At Risk"
14138,23,2,982.38,Potential
15071,115,2,982.07,"At Risk"
16188,66,4,981.86,Potential
12541,51,3,981.18,Potential
18170,55,3,980.31,Potential
13509,30,7,979.72,Loyal
15506,44,3,979.26,Potential
14548,172,2,979.20,"At Risk"
18074,395,1,979.20,"At Risk"
13350,38,2,979.12,Potential
16470,73,4,978.73,Potential
15132,40,5,977.93,Loyal
14920,234,2,977.77,"At Risk"
16235,62,5,975.98,Potential
15165,395,1,975.50,"At Risk"
16367,59,2,975.40,Potential
13026,23,5,975.36,Loyal
14522,46,4,974.54,Potential
15449,48,3,974.52,Potential
12994,26,3,974.42,Potential
17062,335,4,974.10,"At Risk"
15747,34,3,974.04,Potential
18194,104,1,973.84,"At Risk"
16419,134,6,972.23,"At Risk"
17100,40,2,971.74,Potential
14130,341,1,967.72,"At Risk"
15907,25,3,967.45,Potential
15793,36,3,965.61,Potential
12550,101,1,964.83,"At Risk"
14150,57,2,964.82,Potential
12421,37,4,964.49,Potential
14006,137,3,962.19,"At Risk"
15156,23,3,961.49,Potential
14629,26,2,959.01,Potential
16812,382,1,958.70,"At Risk"
18192,93,1,957.97,"At Risk"
15626,96,2,957.68,"At Risk"
13823,40,2,957.66,Potential
12697,50,3,957.59,Potential
15948,30,2,955.24,Potential
17244,75,1,954.90,"At Risk"
18095,334,2,954.80,"At Risk"
17179,200,3,954.79,"At Risk"
18176,380,1,952.70,"At Risk"
16934,76,2,950.93,Potential
17114,27,8,950.86,Loyal
15421,80,4,950.36,Potential
16511,43,3,950.26,Potential
12468,209,2,950.13,"At Risk"
17812,34,4,949.71,Potential
13636,58,5,949.12,Loyal
12822,92,2,948.88,"At Risk"
17044,47,1,948.48,"At Risk"
15787,48,3,948.05,Potential
12458,93,2,947.40,"At Risk"
17990,258,3,946.84,"At Risk"
14976,79,7,946.81,Potential
15384,191,2,945.98,"At Risk"
15707,57,4,945.58,Potential
14220,269,2,945.38,"At Risk"
17289,53,3,944.41,Potential
13261,290,2,944.10,"At Risk"
12942,153,3,942.65,"At Risk"
14075,26,3,942.26,Potential
18156,34,2,941.17,Potential
15576,59,1,940.67,"At Risk"
15289,51,3,939.78,Potential
16600,26,6,939.38,Loyal
17527,75,4,939.37,Potential
16584,102,2,936.08,"At Risk"
15208,23,5,935.52,Loyal
14140,25,2,935.05,Potential
16027,113,6,934.62,"At Risk"
16122,95,4,934.26,"At Risk"
16657,31,4,933.62,Potential
13655,136,2,932.97,"At Risk"
18133,234,1,931.50,"At Risk"
16730,74,3,930.13,Potential
13838,27,4,929.84,Potential
13402,149,2,929.51,"At Risk"
14475,93,3,925.85,"At Risk"
14231,205,3,925.71,"At Risk"
13805,74,2,924.60,Potential
14133,151,3,923.64,"At Risk"
15654,31,2,922.53,Potential
13122,116,2,922.39,"At Risk"
13934,285,1,922.10,"At Risk"
13035,95,2,921.88,"At Risk"
17323,37,7,921.07,Loyal
13075,151,1,919.61,"At Risk"
13549,47,7,918.20,Loyal
15253,38,5,918.20,Loyal
17880,386,1,917.84,"At Risk"
14015,74,1,917.34,"At Risk"
14712,51,3,917.07,Potential
13506,338,2,917.04,"At Risk"
14141,24,4,915.13,Potential
16216,289,1,914.93,"At Risk"
16809,45,5,914.69,Loyal
12940,76,2,913.54,Potential
13145,61,4,913.52,Potential
15364,117,2,913.19,"At Risk"
14359,41,3,912.18,Potential
13192,117,2,911.94,"At Risk"
14289,30,6,911.26,Loyal
18096,33,3,911.15,Potential
15919,41,2,910.61,Potential
13689,85,1,910.00,"At Risk"
13233,96,2,909.36,"At Risk"
15511,33,5,909.23,Loyal
13038,102,3,908.46,"At Risk"
12591,339,1,905.70,"At Risk"
15480,138,1,905.50,"At Risk"
15022,33,4,905.04,Potential
15807,72,3,903.90,Potential
16134,43,2,901.62,Potential
17566,30,2,901.21,Potential
16716,288,2,901.20,"At Risk"
17886,53,3,899.61,Potential
13662,107,3,897.76,"At Risk"
17537,51,2,897.62,Potential
17616,195,3,897.60,"At Risk"
16361,31,4,896.66,Potential
15865,62,3,895.13,Potential
15066,75,1,893.59,"At Risk"
12772,81,1,892.47,"At Risk"
17235,47,2,891.96,Potential
12944,57,2,891.46,Potential
13515,94,4,891.12,"At Risk"
15255,88,1,890.85,"At Risk"
14240,52,2,890.34,Potential
18062,195,3,890.32,"At Risk"
14623,54,5,889.25,Loyal
17829,320,1,889.24,"At Risk"
13240,118,4,887.72,"At Risk"
15882,220,4,887.68,"At Risk"
16347,33,2,887.65,Potential
16900,38,3,887.11,Potential
17704,190,2,885.19,"At Risk"
17109,51,6,885.04,Loyal
14597,33,2,883.15,Potential
18236,51,6,882.24,Loyal
13037,160,3,881.07,"At Risk"
15076,194,1,880.85,"At Risk"
18233,347,1,880.00,"At Risk"
15653,114,2,877.44,"At Risk"
18043,46,3,875.97,Potential
16306,235,6,875.52,"At Risk"
13566,62,2,874.71,Potential
16513,26,4,874.59,Potential
13294,211,2,873.74,"At Risk"
16955,206,4,873.65,"At Risk"
14662,50,4,872.22,Potential
12847,44,1,871.54,"At Risk"
17515,53,4,870.50,Potential
13200,41,4,870.09,Potential
13979,95,1,869.87,"At Risk"
12694,92,2,869.67,"At Risk"
13203,31,4,869.46,Potential
17649,160,1,868.49,"At Risk"
14912,38,2,867.85,Potential
16121,79,2,867.11,Potential
14332,44,3,866.31,Potential
16233,93,3,863.18,"At Risk"
12680,22,4,862.81,Potential
16266,95,7,861.89,"At Risk"
18106,351,1,861.40,"At Risk"
12794,75,2,860.41,Potential
13339,222,1,860.12,"At Risk"
14176,319,4,857.65,"At Risk"
13991,34,6,855.97,Loyal
12725,393,1,855.60,"At Risk"
12878,258,2,854.99,"At Risk"
17560,116,4,854.95,"At Risk"
16877,34,6,853.72,Loyal
12577,57,3,853.69,Potential
14193,89,2,853.39,Potential
12379,103,2,852.24,"At Risk"
16070,44,2,852.15,Potential
17674,96,2,851.70,"At Risk"
14692,159,4,851.15,"At Risk"
16020,38,3,851.01,Potential
16140,87,2,849.32,Potential
12713,22,1,848.55,"At Risk"
17888,43,8,848.18,Loyal
17540,46,2,847.70,Potential
16924,43,3,846.75,Potential
14803,184,3,845.55,"At Risk"
17525,381,1,845.40,"At Risk"
17624,36,2,843.48,Potential
14496,333,2,843.15,"At Risk"
17929,33,4,843.00,Potential
16108,106,1,842.50,"At Risk"
14862,47,2,841.20,Potential
13940,39,4,839.14,Potential
16554,64,3,837.95,Potential
15361,383,1,837.84,"At Risk"
17115,30,3,837.50,Potential
15832,276,1,836.79,"At Risk"
16747,59,2,836.06,Potential
17169,79,2,835.78,Potential
13615,340,1,835.38,"At Risk"
17759,39,3,834.99,Potential
13835,47,4,834.57,Potential
16644,199,2,833.78,"At Risk"
15339,88,2,831.97,Potential
15038,80,6,831.92,Potential
12673,27,2,831.42,Potential
14644,89,2,830.76,Potential
14320,228,2,830.30,"At Risk"
16795,387,1,829.76,"At Risk"
15535,195,4,828.94,"At Risk"
16654,163,4,828.67,"At Risk"
13681,39,4,827.83,Potential
12461,116,2,826.88,"At Risk"
12781,85,2,826.74,Potential
16494,318,1,826.53,"At Risk"
17921,86,4,826.52,Potential
17460,116,6,826.23,"At Risk"
16869,44,4,825.42,Potential
16284,53,2,823.97,Potential
17849,240,4,823.55,"At Risk"
16164,39,3,822.48,Potential
12778,41,6,822.23,Loyal
13893,319,1,821.10,"At Risk"
13220,100,4,819.29,"At Risk"
17764,72,2,818.82,Potential
16092,136,3,817.86,"At Risk"
15304,82,8,817.55,Potential
15399,23,3,815.77,Potential
14499,48,3,815.32,Potential
16460,50,3,814.72,Potential
14201,82,7,814.68,Potential
13811,205,3,814.50,"At Risk"
12763,160,2,814.16,"At Risk"
18064,155,2,814.00,"At Risk"
16621,73,4,813.48,Potential
14421,79,2,813.11,Potential
15028,30,4,813.10,Potential
15644,188,4,813.00,"At Risk"
13959,101,3,812.94,"At Risk"
16276,198,1,810.60,"At Risk"
16624,102,2,810.57,"At Risk"
13637,74,3,810.50,Potential
13049,86,2,810.46,Potential
13034,76,2,808.63,Potential
15533,41,3,807.57,Potential
15952,55,4,806.57,Potential
15221,388,1,806.50,"At Risk"
12434,106,2,806.14,"At Risk"
18248,144,2,804.02,"At Risk"
12386,359,2,803.80,"At Risk"
18265,94,2,801.51,"At Risk"
16806,125,4,801.49,"At Risk"
15561,33,4,800.59,Potential
13720,138,4,799.90,"At Risk"
17703,57,3,798.74,Potential
16438,27,5,798.35,Loyal
13389,33,3,797.96,Potential
12701,101,2,797.71,"At Risk"
13336,99,1,795.12,"At Risk"
15990,66,2,792.11,Potential
13238,39,4,791.88,Potential
13167,40,4,791.33,Potential
13016,95,3,789.89,"At Risk"
16759,29,3,789.79,Potential
13531,227,2,789.25,"At Risk"
14557,107,1,788.38,"At Risk"
13212,41,3,788.08,Potential
13323,25,5,787.85,Loyal
13884,29,5,787.60,Loyal
13109,81,2,786.54,Potential
12628,26,3,786.46,Potential
15806,68,3,784.58,Potential
15743,38,4,784.46,Potential
17387,41,2,784.11,Potential
16054,167,1,783.90,"At Risk"
17006,26,4,781.78,Potential
15679,46,4,781.28,Potential
13583,177,1,781.03,"At Risk"
15239,32,2,780.59,Potential
17797,44,3,780.43,Potential
18228,78,2,779.90,Potential
17411,34,3,778.94,Potential
13375,110,1,778.65,"At Risk"
14815,58,2,778.50,Potential
17414,65,2,778.00,Potential
16505,53,1,777.60,"At Risk"
13563,106,2,777.53,"At Risk"
12425,100,1,777.20,"At Risk"
15618,54,4,776.85,Potential
13314,23,3,775.94,Potential
13341,282,1,775.85,"At Risk"
14234,44,4,775.46,Potential
16825,60,2,775.18,Potential
15414,31,3,774.90,Potential
16916,45,2,774.34,Potential
15075,99,1,773.03,"At Risk"
12965,111,1,771.91,"At Risk"
17409,206,2,771.85,"At Risk"
17392,328,2,770.32,"At Risk"
14412,64,2,770.03,Potential
16480,97,1,769.29,"At Risk"
13487,79,3,768.55,Potential
16442,23,3,768.45,Potential
13356,102,1,768.24,"At Risk"
17516,37,5,768.08,Loyal
12515,375,1,767.40,"At Risk"
17329,36,2,766.47,Potential
14550,32,2,765.62,Potential
17695,153,2,765.34,"At Risk"
14885,153,1,765.32,"At Risk"
14618,31,3,765.24,Potential
17268,129,4,763.64,"At Risk"
16203,80,4,763.60,Potential
17466,32,2,763.28,Potential
15599,48,2,761.74,Potential
14883,40,6,761.59,Loyal
16205,52,4,761.38,Potential
16927,137,3,761.15,"At Risk"
17425,41,2,759.17,Potential
16036,109,2,758.92,"At Risk"
15568,24,3,758.29,Potential
17979,57,4,757.71,Potential
17461,44,3,757.46,Potential
15223,247,2,755.75,"At Risk"
18104,59,1,754.64,"At Risk"
13730,157,2,752.60,"At Risk"
16256,288,1,752.43,"At Risk"
16858,390,1,751.38,"At Risk"
12908,198,2,750.00,"At Risk"
14923,72,1,749.10,"At Risk"
15074,127,1,748.87,"At Risk"
15656,67,4,748.50,Potential
16859,166,2,747.81,"At Risk"
13623,52,5,747.78,Loyal
16261,39,4,746.83,Potential
14050,53,2,746.36,Potential
17034,38,3,745.52,Potential
17950,94,3,745.37,"At Risk"
13950,33,4,745.06,Potential
14790,38,4,745.06,Potential
13236,46,2,744.85,Potential
15889,178,2,744.79,"At Risk"
16065,387,1,744.18,"At Risk"
13354,93,1,743.53,"At Risk"
12374,47,1,742.93,"At Risk"
12465,39,2,742.19,Potential
13753,309,1,741.26,"At Risk"
13900,205,3,740.95,"At Risk"
17974,46,3,740.79,Potential
15252,58,2,740.78,Potential
12603,43,1,739.20,"At Risk"
15922,395,1,739.00,"At Risk"
14756,37,1,738.96,"At Risk"
12976,233,1,738.60,"At Risk"
13000,128,3,736.60,"At Risk"
15045,173,2,735.66,"At Risk"
15215,68,3,734.94,Potential
16362,54,5,734.77,Loyal
14779,302,3,734.30,"At Risk"
16146,179,3,734.13,"At Risk"
17964,53,2,733.46,Potential
13405,96,3,732.50,"At Risk"
13575,45,5,732.07,Loyal
13736,27,2,731.90,Potential
16099,72,3,731.90,Potential
16491,68,1,731.50,"At Risk"
16499,382,2,730.90,"At Risk"
14778,149,2,730.86,"At Risk"
16202,382,1,730.54,"At Risk"
18035,57,3,730.40,Potential
17420,72,3,729.68,Potential
17666,25,2,728.16,Potential
14932,387,1,727.06,"At Risk"
14896,226,2,725.99,"At Risk"
14869,30,2,725.70,Potential
14055,128,1,725.64,"At Risk"
15584,45,4,725.11,Potential
12723,25,5,725.07,Loyal
15636,111,2,724.76,"At Risk"
12475,75,1,723.38,"At Risk"
17521,51,3,723.21,Potential
14167,61,4,723.19,Potential
15272,79,2,721.94,Potential
12601,211,5,721.32,"At Risk"
16023,68,3,719.81,Potential
14179,62,2,719.78,Potential
17223,332,2,719.63,"At Risk"
14725,46,1,718.08,"At Risk"
15274,26,2,716.57,Potential
12535,113,2,716.35,"At Risk"
15400,114,5,716.20,"At Risk"
17029,132,2,716.00,"At Risk"
16274,395,1,715.90,"At Risk"
16882,88,3,715.02,Potential
15330,54,2,714.96,Potential
15757,87,2,714.42,Potential
12616,117,2,713.30,"At Risk"
13169,85,2,712.88,Potential
13147,32,4,712.80,Potential
17761,54,1,712.78,"At Risk"
13416,65,2,712.50,Potential
13587,85,1,712.40,"At Risk"
17642,141,2,712.29,"At Risk"
15855,158,5,712.24,"At Risk"
18071,279,2,711.95,"At Risk"
13249,114,3,711.41,"At Risk"
17472,213,3,710.29,"At Risk"
14127,144,3,709.71,"At Risk"
16136,81,3,709.38,Potential
15951,30,2,708.22,Potential
15366,97,2,708.05,"At Risk"
16449,219,2,707.69,"At Risk"
12453,156,1,707.09,"At Risk"
16364,33,2,707.04,Potential
16309,128,2,706.57,"At Risk"
17976,394,1,706.38,"At Risk"
14880,99,3,706.19,"At Risk"
14126,29,3,706.13,Potential
16015,25,3,705.39,Potential
17934,73,2,704.25,Potential
16385,82,3,704.12,Potential
12612,96,1,704.04,"At Risk"
12883,46,4,703.47,Potential
18082,47,1,703.37,"At Risk"
15103,53,2,703.36,Potential
15789,380,1,702.60,"At Risk"
14198,40,4,701.40,Potential
14356,101,2,701.23,"At Risk"
17321,30,2,700.86,Potential
17734,75,3,700.63,Potential
15246,260,2,700.15,"At Risk"
13108,394,1,700.12,"At Risk"
15800,129,2,699.08,"At Risk"
13258,33,3,698.58,Potential
17423,68,2,698.41,Potential
16206,76,4,698.36,Potential
15053,26,3,697.79,Potential
13596,27,2,697.04,Potential
15700,194,2,696.68,"At Risk"
17397,44,2,696.41,Potential
14009,220,2,695.61,"At Risk"
14959,86,4,695.42,Potential
12925,26,2,694.05,Potential
12410,330,2,693.33,"At Risk"
13601,67,2,693.32,Potential
14111,36,4,692.85,Potential
17733,60,2,692.19,Potential
15456,305,3,690.44,"At Risk"
16212,41,2,690.34,Potential
13023,86,2,689.90,Potential
15181,88,3,689.48,Potential
18196,117,2,689.13,"At Risk"
17502,31,4,689.10,Potential
13799,138,2,688.86,"At Risk"
16642,26,2,688.33,Potential
17569,354,1,688.28,"At Risk"
15880,391,1,686.56,"At Risk"
12658,40,1,686.05,"At Risk"
16495,25,3,684.41,Potential
15669,62,4,684.34,Potential
17874,207,6,683.46,"At Risk"
17454,214,4,683.38,"At Risk"
14222,199,1,683.17,"At Risk"
15582,46,3,682.91,Potential
13548,118,2,682.41,"At Risk"
18135,51,5,681.91,Loyal
12478,25,1,680.99,"At Risk"
13524,62,5,680.18,Potential
14236,102,2,680.16,"At Risk"
16872,99,3,680.02,"At Risk"
15322,107,1,679.68,"At Risk"
13430,40,2,679.45,Potential
14788,29,2,679.44,Potential
17555,41,2,678.71,Potential
17994,143,4,678.49,"At Risk"
13925,114,4,678.25,"At Risk"
13607,62,1,678.01,"At Risk"
13388,153,2,677.10,"At Risk"
13040,30,2,676.99,Potential
16377,289,1,676.20,"At Risk"
17462,82,2,675.69,Potential
16805,195,2,675.36,"At Risk"
13325,103,1,675.30,"At Risk"
16418,66,3,675.27,Potential
13355,144,1,674.70,"At Risk"
13464,80,1,674.68,"At Risk"
17749,200,2,674.52,"At Risk"
13951,198,3,674.45,"At Risk"
14504,69,4,673.26,Potential
18121,171,2,673.10,"At Risk"
14628,113,2,671.96,"At Risk"
17883,25,4,671.77,Potential
12638,55,1,671.69,"At Risk"
12489,358,1,669.86,"At Risk"
17299,33,4,669.11,Potential
12418,134,1,668.58,"At Risk"
14342,43,4,668.56,Potential
13741,93,3,668.43,"At Risk"
16383,96,2,668.36,"At Risk"
15031,26,4,668.14,Potential
18022,57,1,668.11,"At Risk"
16268,93,2,667.65,"At Risk"
16863,53,2,667.05,Potential
15969,24,3,666.10,Potential
17777,46,3,665.86,Potential
17105,181,2,665.78,"At Risk"
16056,67,1,664.85,"At Risk"
16850,355,1,664.82,"At Risk"
16208,66,2,664.26,Potential
15643,213,3,664.00,"At Risk"
13473,82,2,663.90,Potential
14720,27,3,663.81,Potential
16573,106,2,663.61,"At Risk"
13092,92,5,663.28,"At Risk"
14871,25,4,662.78,Potential
14451,82,2,662.59,Potential
16014,59,3,662.38,Potential
16885,37,3,662.16,Potential
18218,233,2,662.08,"At Risk"
17862,345,1,661.80,"At Risk"
16774,89,4,661.52,Potential
13028,44,2,661.32,Potential
14603,296,1,660.00,"At Risk"
15492,50,2,659.46,Potential
13518,107,1,659.44,"At Risk"
13759,55,2,659.41,Potential
16357,55,3,658.88,Potential
13368,278,2,658.80,"At Risk"
17779,43,3,658.57,Potential
16696,157,4,657.90,"At Risk"
14818,95,3,657.80,"At Risk"
17742,135,2,657.68,"At Risk"
15648,226,2,657.35,"At Risk"
17459,65,2,657.30,Potential
15677,71,1,657.23,"At Risk"
15213,340,2,656.70,"At Risk"
16157,37,3,656.69,Potential
15881,334,5,656.64,"At Risk"
16708,67,1,656.63,"At Risk"
16127,61,1,656.25,"At Risk"
14894,107,1,655.75,"At Risk"
16444,68,4,654.67,Potential
14651,89,2,654.60,Potential
17398,136,3,653.38,"At Risk"
18151,156,2,653.35,"At Risk"
15205,107,2,653.24,"At Risk"
14044,48,4,652.82,Potential
17523,33,4,652.74,Potential
15780,205,3,652.43,"At Risk"
15363,394,1,652.00,"At Risk"
14034,44,3,651.82,Potential
16734,74,3,650.51,Potential
15571,33,4,650.43,Potential
16469,45,4,650.43,Potential
16969,61,3,650.41,Potential
17373,62,4,646.92,Potential
12589,50,2,646.68,Potential
15651,58,3,646.30,Potential
17545,65,3,645.96,Potential
14855,141,2,645.65,"At Risk"
12719,27,2,644.95,Potential
17312,160,3,644.30,"At Risk"
14450,202,3,644.28,"At Risk"
15224,380,2,644.16,"At Risk"
14616,264,3,643.68,"At Risk"
16431,235,3,642.81,"At Risk"
14020,38,2,642.80,Potential
17869,129,5,642.50,"At Risk"
17046,179,1,642.02,"At Risk"
15297,32,3,641.94,Potential
12365,313,2,641.38,"At Risk"
12624,128,2,641.13,"At Risk"
13417,26,2,640.83,Potential
13318,23,3,640.76,Potential
12631,79,1,640.50,"At Risk"
14301,139,1,640.14,"At Risk"
18160,79,2,638.06,Potential
14754,66,2,638.05,Potential
14664,41,2,637.89,Potential
14128,82,2,637.50,Potential
15646,179,3,637.44,"At Risk"
12875,165,2,636.99,"At Risk"
14481,186,2,636.51,"At Risk"
15829,121,2,636.14,"At Risk"
15773,27,1,635.68,"At Risk"
14000,233,1,635.66,"At Risk"
16139,40,3,635.41,Potential
17985,44,1,634.95,"At Risk"
14594,29,2,634.83,Potential
15204,379,1,633.16,"At Risk"
13892,48,4,632.97,Potential
18183,249,2,632.07,"At Risk"
13822,27,2,632.00,Potential
14021,177,3,631.90,"At Risk"
13579,36,2,631.74,Potential
15244,87,2,631.57,Potential
13539,107,3,631.34,"At Risk"
17418,64,2,630.85,Potential
17913,80,2,629.65,Potential
13046,52,2,629.31,Potential
13525,36,2,628.78,Potential
14687,128,1,628.38,"At Risk"
16022,282,1,628.28,"At Risk"
13546,34,3,626.99,Potential
14729,395,1,626.98,"At Risk"
15402,170,2,626.77,"At Risk"
14036,306,1,626.65,"At Risk"
13914,33,2,626.45,Potential
14382,48,1,626.07,"At Risk"
13255,31,2,625.21,Potential
16898,48,3,624.89,Potential
16750,66,5,623.93,Potential
12785,386,1,623.90,"At Risk"
14142,395,1,623.62,"At Risk"
12649,129,3,623.51,"At Risk"
15147,262,1,623.50,"At Risk"
15326,355,1,623.42,"At Risk"
15258,190,2,623.16,"At Risk"
17499,311,1,622.88,"At Risk"
15182,176,2,622.85,"At Risk"
16781,394,1,622.50,"At Risk"
15768,137,3,621.83,"At Risk"
18217,51,2,621.75,Potential
16915,31,6,621.68,Loyal
17640,108,1,621.66,"At Risk"
14152,97,2,621.29,"At Risk"
16141,110,1,620.40,"At Risk"
12667,80,1,620.13,"At Risk"
14529,82,3,620.04,Potential
15661,339,2,619.60,"At Risk"
13493,297,2,618.63,"At Risk"
16613,92,1,618.59,"At Risk"
12596,73,2,618.27,Potential
13301,125,4,618.09,"At Risk"
14593,43,3,617.99,Potential
14377,213,2,617.05,"At Risk"
13369,387,1,616.56,"At Risk"
16311,39,2,616.26,Potential
14905,179,2,616.15,"At Risk"
15081,44,5,615.95,Loyal
15973,388,1,615.64,"At Risk"
16250,283,2,615.58,"At Risk"
16005,34,4,615.39,Potential
15275,59,1,615.14,"At Risk"
16566,37,5,614.66,Loyal
15012,75,2,614.10,Potential
17551,381,1,613.68,"At Risk"
12808,58,3,613.05,Potential
16116,233,1,612.78,"At Risk"
17358,325,2,612.55,"At Risk"
12513,134,1,612.29,"At Risk"
18149,72,3,612.08,Potential
15232,135,2,612.06,"At Risk"
15645,40,1,612.01,"At Risk"
16109,240,2,611.88,"At Risk"
16763,220,1,611.85,"At Risk"
17189,128,2,611.62,"At Risk"
13731,241,2,610.59,"At Risk"
15795,171,1,610.01,"At Risk"
13357,279,1,609.95,"At Risk"
14636,58,2,609.85,Potential
13933,131,2,608.79,"At Risk"
17732,394,1,607.94,"At Risk"
12933,46,3,607.53,Potential
15018,60,3,607.46,Potential
15573,53,2,607.45,Potential
17119,25,2,606.91,Potential
14710,36,4,606.13,Potential
13888,141,2,605.63,"At Risk"
17507,283,2,605.58,"At Risk"
14248,340,1,605.16,"At Risk"
13558,27,4,605.06,Potential
14323,136,2,605.06,"At Risk"
14675,38,1,604.75,"At Risk"
17664,40,2,604.64,Potential
17094,344,1,604.00,"At Risk"
16732,53,1,603.75,"At Risk"
12556,72,2,603.71,Potential
12707,313,1,603.42,"At Risk"
12654,32,5,601.98,Loyal
17978,387,1,601.84,"At Risk"
14609,94,4,601.56,"At Risk"
13304,373,1,600.84,"At Risk"
17912,332,5,600.42,"At Risk"
12420,85,1,600.39,"At Risk"
13243,225,1,600.07,"At Risk"
18211,47,5,600.07,Loyal
12521,164,1,599.68,"At Risk"
14965,118,2,599.00,"At Risk"
14467,39,4,598.76,Potential
15720,46,1,598.73,"At Risk"
13311,26,2,598.57,Potential
14396,87,2,598.34,Potential
15107,333,6,598.20,"At Risk"
16298,44,3,598.20,Potential
14108,52,2,597.91,Potential
17864,34,3,597.50,Potential
16788,145,2,597.48,"At Risk"
14645,178,2,597.09,"At Risk"
15381,235,2,596.85,"At Risk"
18246,45,2,596.10,Potential
17658,47,2,595.42,Potential
14284,52,2,595.25,Potential
16325,68,3,594.24,Potential
12917,150,1,594.00,"At Risk"
15442,270,1,594.00,"At Risk"
16535,27,1,593.75,"At Risk"
18232,103,4,592.97,"At Risk"
15967,45,2,592.63,Potential
16034,218,3,591.30,"At Risk"
13276,85,2,590.93,Potential
13452,281,2,590.00,"At Risk"
14882,48,2,589.70,Potential
18123,46,2,589.44,Potential
16723,113,2,589.15,"At Risk"
16838,219,2,588.85,"At Risk"
14338,183,2,588.22,"At Risk"
15624,138,4,588.13,"At Risk"
17351,58,3,587.15,Potential
17014,30,3,586.33,Potential
12829,358,2,586.00,"At Risk"
17360,39,3,585.79,Potential
12384,50,2,585.27,Potential
16384,111,2,584.50,"At Risk"
16072,310,1,584.32,"At Risk"
14023,29,2,584.07,Potential
13557,50,2,584.06,Potential
15762,87,2,583.75,Potential
13140,130,3,583.23,"At Risk"
12426,216,1,582.73,"At Risk"
13427,41,3,582.60,Potential
17970,233,1,582.59,"At Risk"
12695,29,4,582.10,Potential
14114,295,2,581.66,"At Risk"
15279,376,1,581.02,"At Risk"
17691,380,2,580.80,"At Risk"
16906,103,4,579.77,"At Risk"
17142,261,1,579.00,"At Risk"
13292,60,2,578.94,Potential
16125,389,1,578.70,"At Risk"
15830,59,1,576.00,"At Risk"
15550,26,4,575.63,Potential
16345,66,1,575.41,"At Risk"
14400,171,1,574.70,"At Risk"
12784,31,2,574.42,Potential
15303,312,1,574.02,"At Risk"
12879,66,3,573.22,Potential
15415,335,1,572.81,"At Risk"
13379,48,3,572.56,Potential
17999,59,2,572.40,Potential
12816,117,2,572.20,"At Risk"
13816,45,2,571.67,Potential
15821,66,2,570.96,Potential
15315,86,2,570.50,Potential
14592,57,3,570.46,Potential
16667,90,2,570.13,Potential
13939,45,3,568.55,Potential
13321,94,2,567.36,"At Risk"
18150,54,3,566.58,Potential
17251,384,1,566.56,"At Risk"
16278,122,1,566.38,"At Risk"
16500,26,6,565.86,Loyal
13894,45,3,564.62,Potential
15344,22,3,563.94,Potential
12915,170,2,563.30,"At Risk"
16933,23,2,563.23,Potential
14753,109,1,563.15,"At Risk"
17265,160,2,562.90,"At Risk"
12414,239,3,562.41,"At Risk"
13946,101,3,561.57,"At Risk"
15655,265,1,560.67,"At Risk"
13044,313,1,560.47,"At Risk"
14273,73,4,559.97,Potential
16275,218,1,559.87,"At Risk"
14177,108,4,559.41,"At Risk"
12866,305,1,559.12,"At Risk"
17503,24,2,558.96,Potential
12987,95,2,558.70,"At Risk"
13800,331,1,558.32,"At Risk"
13260,83,1,557.62,"At Risk"
17955,220,4,557.30,"At Risk"
17295,50,3,556.95,Potential
17968,395,1,554.70,"At Risk"
14805,37,4,554.65,Potential
14891,170,2,554.38,"At Risk"
15068,68,2,553.36,Potential
12363,131,2,552.00,"At Risk"
17291,330,1,550.80,"At Risk"
12390,101,1,549.84,"At Risk"
16340,129,1,549.07,"At Risk"
16536,132,1,548.97,"At Risk"
16031,114,2,548.94,"At Risk"
14474,68,1,547.66,"At Risk"
16811,26,2,547.07,Potential
17637,53,2,547.06,Potential
16211,110,1,547.02,"At Risk"
17520,75,1,546.81,"At Risk"
12743,156,2,546.43,"At Risk"
14997,68,3,546.20,Potential
17806,33,1,546.04,"At Risk"
16727,386,1,545.64,"At Risk"
13649,278,2,544.40,"At Risk"
16475,110,4,544.30,"At Risk"
13617,62,3,544.18,Potential
13390,96,1,544.08,"At Risk"
13278,62,1,542.73,"At Risk"
13656,186,2,542.35,"At Risk"
17496,380,1,542.10,"At Risk"
16230,211,2,542.03,"At Risk"
17447,62,2,541.53,Potential
17557,36,3,541.46,Potential
13812,64,3,539.00,Potential
15452,51,3,538.73,Potential
15469,72,2,538.55,Potential
15539,29,1,538.46,"At Risk"
17345,37,4,537.74,Potential
14539,37,2,537.48,Potential
15043,53,1,537.00,"At Risk"
16804,45,3,536.99,Potential
16142,271,1,535.34,"At Risk"
12988,314,1,535.32,"At Risk"
13434,96,2,534.24,"At Risk"
17443,241,1,534.24,"At Risk"
13217,144,3,533.98,"At Risk"
15433,235,2,533.30,"At Risk"
15756,83,4,532.96,Potential
15825,194,1,532.94,"At Risk"
14068,342,1,531.70,"At Risk"
16706,59,3,531.35,Potential
14265,131,2,530.18,"At Risk"
18159,323,1,530.15,"At Risk"
14002,156,2,529.73,"At Risk"
14463,120,3,529.62,"At Risk"
16185,38,2,529.41,Potential
17631,23,3,528.33,Potential
16602,58,1,528.08,"At Risk"
15713,165,2,527.85,"At Risk"
12479,33,1,527.20,"At Risk"
17623,54,1,527.05,"At Risk"
18252,72,2,526.67,Potential
16892,23,5,525.54,Loyal
17290,25,2,525.24,Potential
17429,150,3,524.92,"At Risk"
15467,31,3,524.88,Potential
15891,248,1,524.52,"At Risk"
13721,58,1,524.14,"At Risk"
18017,103,3,523.00,"At Risk"
17712,66,1,522.91,"At Risk"
17371,39,3,521.52,Potential
12863,74,1,521.20,"At Risk"
15149,155,1,520.80,"At Risk"
14873,232,1,519.68,"At Risk"
12571,61,2,519.61,Potential
13173,26,2,519.59,Potential
13643,53,3,519.44,Potential
17025,82,3,518.74,Potential
16650,93,1,518.42,"At Risk"
15030,93,2,518.28,"At Risk"
16010,267,3,517.60,"At Risk"
16135,284,1,517.55,"At Risk"
18205,58,2,517.36,Potential
13043,295,1,516.42,"At Risk"
15809,58,5,515.77,Loyal
17194,295,2,515.24,"At Risk"
12811,282,3,514.85,"At Risk"
13005,195,2,513.70,"At Risk"
17513,94,1,513.20,"At Risk"
16048,395,2,512.88,"At Risk"
17805,95,1,512.31,"At Risk"
17480,99,1,511.82,"At Risk"
13817,51,2,511.68,Potential
16402,286,2,511.40,"At Risk"
12582,260,2,511.36,"At Risk"
14851,45,2,511.35,Potential
16561,27,2,511.12,Potential
15406,53,2,510.71,Potential
17375,221,3,509.81,"At Risk"
12904,40,2,509.58,Potential
12436,121,1,509.01,"At Risk"
13068,32,2,509.00,Potential
15417,107,1,508.80,"At Risk"
17391,185,2,508.80,"At Risk"
14317,86,1,508.58,"At Risk"
17958,138,1,508.46,"At Risk"
12797,387,1,508.06,"At Risk"
17415,101,1,507.84,"At Risk"
14158,62,1,507.66,"At Risk"
14820,43,4,507.29,Potential
15721,33,1,507.08,"At Risk"
16960,60,3,507.05,Potential
13885,211,2,506.80,"At Risk"
16614,204,1,506.19,"At Risk"
17860,390,1,505.60,"At Risk"
14014,99,1,505.18,"At Risk"
15346,354,1,504.84,"At Risk"
16948,160,3,504.62,"At Risk"
12991,45,2,503.76,Potential
17630,191,2,503.60,"At Risk"
15006,73,1,502.09,"At Risk"
13865,80,4,501.56,Potential
13497,304,2,501.55,"At Risk"
13116,160,1,501.14,"At Risk"
13247,39,4,501.12,Potential
16616,37,2,500.42,Potential
17303,383,1,500.08,"At Risk"
15389,194,1,500.00,"At Risk"
15510,352,1,500.00,"At Risk"
17456,387,1,499.72,"At Risk"
14958,169,3,499.68,"At Risk"
14077,62,5,499.42,Potential
15193,82,1,499.32,"At Risk"
14681,93,3,498.95,"At Risk"
16488,55,3,498.80,Potential
15142,68,1,498.74,"At Risk"
17053,152,1,498.48,"At Risk"
17298,123,2,498.42,"At Risk"
16124,339,1,498.00,"At Risk"
16820,117,1,497.61,"At Risk"
17495,29,2,497.56,Potential
16368,24,2,497.43,Potential
18212,348,1,496.84,"At Risk"
15300,86,1,496.44,"At Risk"
16510,394,1,496.20,"At Risk"
17374,240,2,495.77,"At Risk"
15448,334,1,494.64,"At Risk"
16352,39,2,494.44,Potential
17333,107,1,494.25,"At Risk"
15877,23,2,493.28,Potential
13176,68,1,492.84,"At Risk"
16816,125,4,492.84,"At Risk"
15507,193,1,492.36,"At Risk"
13569,39,2,492.07,Potential
13732,50,1,491.86,"At Risk"
14479,275,2,490.65,"At Risk"
15000,69,1,490.52,"At Risk"
14416,44,2,490.22,Potential
14987,37,2,489.60,Potential
12809,199,1,489.31,"At Risk"
17361,71,3,488.20,Potential
17925,394,1,488.16,"At Risk"
16643,267,1,487.51,"At Risk"
13338,179,1,487.02,"At Risk"
13675,173,2,486.82,"At Risk"
17453,39,2,486.72,Potential
15287,44,2,486.69,Potential
17908,395,1,486.56,"At Risk"
13153,27,1,486.22,"At Risk"
12639,260,1,486.10,"At Risk"
15109,267,1,484.95,"At Risk"
16999,45,2,484.82,Potential
16504,47,1,484.38,"At Risk"
16518,83,2,484.32,Potential
14147,100,2,483.40,"At Risk"
15048,87,4,482.75,Potential
16603,96,2,482.47,"At Risk"
12504,40,2,482.05,Potential
16693,90,2,482.01,Potential
18216,53,1,481.75,"At Risk"
12527,103,3,481.23,"At Risk"
15091,89,1,480.71,"At Risk"
15938,134,5,479.48,"At Risk"
16008,45,3,478.78,Potential
15589,277,3,478.53,"At Risk"
16768,69,3,478.09,Potential
12644,151,1,477.91,"At Risk"
14448,31,2,477.70,Potential
12447,265,1,476.49,"At Risk"
12970,29,4,476.04,Potential
14853,46,2,475.80,Potential
14497,331,1,475.37,"At Risk"
16552,264,2,475.02,"At Risk"
15349,180,2,473.81,"At Risk"
15557,50,1,473.65,"At Risk"
16374,88,2,473.03,Potential
14013,132,3,473.02,"At Risk"
13187,359,1,472.04,"At Risk"
16038,29,3,471.78,Potential
13066,46,2,470.80,Potential
15963,41,2,470.76,Potential
14431,324,1,470.36,"At Risk"
15471,24,1,469.48,"At Risk"
15026,102,3,469.00,"At Risk"
13171,43,3,468.41,Potential
14335,38,2,468.26,Potential
14491,197,2,468.13,"At Risk"
12736,354,1,468.00,"At Risk"
14029,85,2,467.66,Potential
15468,73,2,467.51,Potential
16583,395,1,466.90,"At Risk"
14205,38,2,466.70,Potential
13248,146,2,465.68,"At Risk"
15036,94,3,465.55,"At Risk"
16473,186,3,465.52,"At Risk"
17140,269,1,465.32,"At Risk"
16742,68,1,464.90,"At Risk"
13928,32,4,464.57,Potential
16586,270,1,463.95,"At Risk"
14967,71,1,463.80,"At Risk"
12787,31,3,463.66,Potential
14489,229,1,463.38,"At Risk"
12945,310,1,462.95,"At Risk"
14331,146,2,462.66,"At Risk"
16321,94,5,461.40,"At Risk"
14470,33,2,461.19,Potential
12391,43,1,460.89,"At Risk"
13786,389,1,460.80,"At Risk"
16824,37,2,460.64,Potential
16926,393,1,460.50,"At Risk"
12491,60,1,460.40,"At Risk"
17760,43,2,460.13,Potential
12355,236,1,459.40,"At Risk"
16589,93,3,459.24,"At Risk"
13008,345,1,458.94,"At Risk"
15754,73,3,458.57,Potential
15092,237,2,457.81,"At Risk"
15121,72,2,457.72,Potential
12375,32,2,457.50,Potential
13398,214,1,457.34,"At Risk"
12564,283,1,456.90,"At Risk"
18190,214,2,455.92,"At Risk"
12999,218,3,455.88,"At Risk"
14513,122,3,455.59,"At Risk"
15585,198,1,455.30,"At Risk"
16529,212,1,455.25,"At Risk"
13485,255,1,454.24,"At Risk"
15475,99,1,454.11,"At Risk"
17564,46,3,454.01,Potential
18158,31,2,453.40,Potential
12729,135,1,453.01,"At Risk"
14184,88,1,452.89,"At Risk"
16315,352,1,452.74,"At Risk"
17917,67,3,452.19,Potential
12672,351,1,451.80,"At Risk"
16574,93,1,451.44,"At Risk"
15802,164,1,451.42,"At Risk"
12402,345,1,451.20,"At Risk"
14173,32,4,450.84,Potential
17040,159,1,449.73,"At Risk"
13489,127,4,449.52,"At Risk"
12448,66,1,449.45,"At Risk"
15739,88,1,449.12,"At Risk"
17579,26,3,448.90,Potential
14780,76,2,447.68,Potential
15368,43,1,446.94,"At Risk"
14149,242,1,446.62,"At Risk"
17370,94,4,446.18,"At Risk"
17190,80,2,444.74,Potential
18006,45,1,444.68,"At Risk"
14638,72,1,443.60,"At Risk"
16404,92,1,443.05,"At Risk"
18222,114,1,443.00,"At Risk"
14093,34,1,442.85,"At Risk"
12579,100,1,440.42,"At Risk"
14022,247,1,440.00,"At Risk"
15524,46,1,440.00,"At Risk"
13954,23,2,439.92,Potential
16025,51,1,439.66,"At Risk"
13359,85,1,439.56,"At Risk"
16968,26,2,439.43,Potential
13358,290,1,439.03,"At Risk"
13754,173,2,438.60,"At Risk"
14272,95,2,437.96,"At Risk"
12552,60,2,437.82,Potential
12592,114,2,437.60,"At Risk"
15553,82,1,437.23,"At Risk"
12574,337,1,436.90,"At Risk"
16084,321,1,436.18,"At Risk"
15551,58,1,436.06,"At Risk"
14910,24,4,434.35,Potential
14460,132,3,434.34,"At Risk"
12493,187,2,433.74,"At Risk"
17035,267,2,433.53,"At Risk"
15460,376,1,433.52,"At Risk"
14157,41,2,432.88,Potential
15732,234,2,432.22,"At Risk"
16236,100,1,432.20,"At Risk"
16881,88,1,432.00,"At Risk"
15052,341,1,431.56,"At Risk"
15976,187,2,430.94,"At Risk"
12452,38,2,430.57,Potential
13245,72,1,430.50,"At Risk"
12795,40,1,430.48,"At Risk"
12827,27,3,430.15,Potential
14998,192,2,429.87,"At Risk"
15450,52,1,429.84,"At Risk"
16884,59,2,429.84,Potential
15230,261,2,429.60,"At Risk"
13602,86,1,428.89,"At Risk"
15957,53,1,428.89,"At Risk"
16324,150,3,428.68,"At Risk"
15545,76,2,428.05,Potential
15360,61,1,427.93,"At Risk"
12403,71,1,427.70,"At Risk"
12740,85,1,427.60,"At Risk"
12802,208,1,427.58,"At Risk"
15994,76,1,427.07,"At Risk"
15930,89,1,426.63,"At Risk"
14288,235,1,426.60,"At Risk"
15639,156,1,425.32,"At Risk"
16780,122,2,425.19,"At Risk"
17134,128,2,425.00,"At Risk"
16119,30,2,423.36,Potential
18034,43,2,422.88,Potential
16689,97,2,422.60,"At Risk"
18240,68,1,422.58,"At Risk"
17232,24,2,421.52,Potential
14985,220,2,421.26,"At Risk"
14757,97,1,420.50,"At Risk"
15206,32,4,420.30,Potential
15894,275,2,420.29,"At Risk"
15101,30,2,419.81,Potential
14124,106,1,419.58,"At Risk"
14242,256,2,418.90,"At Risk"
12593,130,3,418.10,"At Risk"
17701,274,1,417.95,"At Risk"
17855,394,1,417.94,"At Risk"
16629,95,2,417.73,"At Risk"
16737,75,1,417.60,"At Risk"
12833,167,1,417.38,"At Risk"
18001,34,2,417.23,Potential
13166,305,1,417.20,"At Risk"
13889,114,1,416.90,"At Risk"
15935,261,2,416.86,"At Risk"
16957,261,2,416.64,"At Risk"
13085,179,2,416.08,"At Risk"
14139,68,1,415.82,"At Risk"
15803,73,1,415.82,"At Risk"
12930,100,2,415.80,"At Risk"
12580,268,1,415.70,"At Risk"
13787,97,2,415.44,"At Risk"
15725,37,1,415.25,"At Risk"
14333,89,1,415.20,"At Risk"
16752,394,1,415.00,"At Risk"
12993,45,4,414.76,Potential
16239,78,2,414.20,Potential
17483,87,3,414.04,Potential
15820,341,1,413.96,"At Risk"
17052,50,1,413.75,"At Risk"
13974,71,1,413.59,"At Risk"
16834,249,1,413.46,"At Risk"
14620,227,2,412.78,"At Risk"
13827,79,3,412.05,Potential
15523,106,1,412.01,"At Risk"
13065,395,1,411.72,"At Risk"
16272,138,1,411.70,"At Risk"
14670,302,2,411.53,"At Risk"
15186,36,2,411.41,Potential
15099,106,1,410.48,"At Risk"
15695,288,2,409.98,"At Risk"
14048,327,1,409.93,"At Risk"
14348,282,1,409.57,"At Risk"
12990,53,3,409.50,Potential
15225,256,1,409.40,"At Risk"
16243,55,2,409.10,Potential
16018,61,2,408.90,Potential
15269,45,1,408.80,"At Risk"
16399,41,2,408.57,Potential
17931,156,2,408.36,"At Risk"
15184,51,2,406.76,Potential
13502,38,3,406.60,Potential
15127,87,1,406.53,"At Risk"
16947,257,1,406.48,"At Risk"
15723,386,1,406.20,"At Risk"
15342,151,1,406.09,"At Risk"
16204,45,1,405.71,"At Risk"
18036,54,3,405.62,Potential
12922,183,1,405.38,"At Risk"
16883,209,2,404.76,"At Risk"
14784,48,2,404.67,Potential
17379,33,1,404.66,"At Risk"
16319,239,1,404.40,"At Risk"
16484,195,2,404.30,"At Risk"
12498,43,3,403.70,Potential
17431,335,1,403.30,"At Risk"
15347,388,1,403.20,"At Risk"
13295,381,1,402.40,"At Risk"
13284,352,1,402.38,"At Risk"
13859,348,1,402.32,"At Risk"
15158,67,1,401.40,"At Risk"
16198,97,1,400.68,"At Risk"
12792,278,1,400.54,"At Risk"
14782,341,1,400.20,"At Risk"
18164,59,1,399.65,"At Risk"
16593,72,3,399.63,Potential
18154,25,2,399.19,Potential
15522,54,2,398.84,Potential
17830,23,3,398.70,Potential
12508,48,2,398.27,Potential
13352,82,1,397.98,"At Risk"
15429,48,2,397.35,Potential
17926,155,2,397.29,"At Risk"
12824,81,1,397.12,"At Risk"
13594,74,1,396.97,"At Risk"
13673,40,2,396.92,Potential
17486,283,1,396.87,"At Risk"
15883,24,2,396.48,Potential
18067,62,1,396.33,"At Risk"
16354,85,2,395.80,Potential
17181,79,2,395.44,Potential
14185,353,1,395.30,"At Risk"
17603,100,1,394.72,"At Risk"
14619,267,1,394.44,"At Risk"
16207,47,1,394.38,"At Risk"
15386,208,1,394.14,"At Risk"
15264,86,1,393.74,"At Risk"
17786,107,2,393.59,"At Risk"
15345,67,1,393.54,"At Risk"
17226,330,1,393.49,"At Risk"
14600,327,1,393.33,"At Risk"
15837,86,1,391.98,"At Risk"
16917,298,1,391.52,"At Risk"
12982,264,1,390.54,"At Risk"
17614,79,1,390.07,"At Risk"
17936,27,1,389.84,"At Risk"
18024,174,2,389.78,"At Risk"
14752,65,1,389.64,"At Risk"
13873,141,3,389.60,"At Risk"
13345,309,1,389.50,"At Risk"
15847,60,2,389.27,Potential
12690,227,1,389.01,"At Risk"
17595,34,2,388.79,Potential
15592,68,1,388.58,"At Risk"
13899,38,2,388.52,Potential
13856,190,3,388.50,"At Risk"
17438,275,1,388.45,"At Risk"
16776,82,1,388.28,"At Risk"
14538,86,2,388.25,Potential
17357,46,2,388.14,Potential
17817,26,3,387.68,Potential
14420,121,1,387.52,"At Risk"
17508,302,1,387.31,"At Risk"
17343,377,1,387.28,"At Risk"
15664,72,1,386.43,"At Risk"
13821,166,2,385.64,"At Risk"
12791,395,1,385.20,"At Risk"
17711,32,2,385.10,Potential
13837,233,2,384.94,"At Risk"
13919,81,2,384.81,Potential
13833,181,1,384.80,"At Risk"
17250,25,2,384.52,Potential
17205,75,1,384.08,"At Risk"
16982,82,1,384.06,"At Risk"
12733,256,1,383.95,"At Risk"
15440,76,3,383.68,Potential
14304,244,1,383.45,"At Risk"
15424,276,2,383.34,"At Risk"
12832,54,2,383.03,Potential
18181,46,1,382.80,"At Risk"
16634,244,2,382.70,"At Risk"
17239,334,1,382.50,"At Risk"
13657,32,2,382.14,Potential
15090,330,1,381.32,"At Risk"
16441,89,2,381.20,Potential
13033,379,1,381.10,"At Risk"
12871,106,2,380.64,"At Risk"
17573,51,3,380.60,Potential
16930,48,3,380.55,Potential
17138,297,1,380.50,"At Risk"
12890,46,1,380.47,"At Risk"
16769,282,1,380.39,"At Risk"
17031,33,2,380.35,Potential
14731,69,3,380.02,Potential
13589,36,2,379.65,Potential
17878,65,1,379.45,"At Risk"
15885,114,3,379.35,"At Risk"
16909,94,1,379.14,"At Risk"
13372,111,1,378.64,"At Risk"
17430,54,2,378.36,Potential
17078,58,2,378.20,Potential
17708,209,2,377.68,"At Risk"
17736,31,3,377.44,Potential
15025,55,1,377.01,"At Risk"
17489,80,2,376.64,Potential
13936,201,1,376.58,"At Risk"
14079,146,1,375.10,"At Risk"
16147,155,1,375.00,"At Risk"
14067,85,2,374.70,Potential
17492,270,1,374.57,"At Risk"
12873,304,1,374.00,"At Risk"
13351,88,1,373.94,"At Risk"
16903,51,1,373.24,"At Risk"
12895,64,2,372.80,Potential
12544,58,1,372.70,"At Risk"
12981,51,2,372.22,Potential
13300,191,1,371.89,"At Risk"
17765,180,3,371.88,"At Risk"
14690,66,2,371.70,Potential
18155,97,3,371.62,"At Risk"
15472,135,1,371.56,"At Risk"
14950,41,1,371.20,"At Risk"
15975,106,1,371.01,"At Risk"
15063,235,1,370.80,"At Risk"
16596,37,2,370.80,Potential
16343,38,2,370.48,Potential
16758,87,1,369.34,"At Risk"
14888,229,1,369.20,"At Risk"
16372,55,2,367.93,Potential
17911,31,1,366.23,"At Risk"
17432,40,2,365.76,Potential
14886,274,1,364.80,"At Risk"
15949,38,2,364.72,Potential
12373,333,1,364.60,"At Risk"
14082,386,1,364.50,"At Risk"
15343,109,1,364.50,"At Risk"
14528,59,1,364.22,"At Risk"
12538,51,1,363.95,"At Risk"
17330,44,2,363.90,Potential
15901,38,3,363.88,Potential
14171,120,1,363.79,"At Risk"
16509,318,1,363.70,"At Risk"
16485,99,1,363.65,"At Risk"
18056,310,1,363.65,"At Risk"
14427,72,2,363.34,Potential
16378,269,3,362.95,"At Risk"
18119,389,1,362.24,"At Risk"
16052,76,1,362.06,"At Risk"
15945,387,1,362.00,"At Risk"
13844,33,1,361.62,"At Risk"
17771,78,2,361.61,Potential
16305,160,1,361.22,"At Risk"
13291,177,1,361.11,"At Risk"
15872,36,2,360.93,Potential
16595,83,1,360.16,"At Risk"
13780,29,2,360.01,Potential
13298,23,1,360.00,"At Risk"
15120,155,1,358.82,"At Risk"
17948,169,1,358.56,"At Risk"
16823,249,1,358.38,"At Risk"
15454,384,1,358.20,"At Risk"
13228,103,1,358.00,"At Risk"
13976,228,1,357.98,"At Risk"
15262,345,1,357.90,"At Risk"
15689,141,2,357.60,"At Risk"
16971,60,1,357.21,"At Risk"
18040,41,2,357.20,Potential
13453,187,2,356.98,"At Risk"
14500,110,3,356.85,"At Risk"
15247,144,1,356.00,"At Risk"
14537,79,1,355.56,"At Risk"
15840,80,2,355.56,Potential
12617,51,1,355.53,"At Risk"
13642,237,1,354.80,"At Risk"
17222,87,1,354.15,"At Risk"
12888,236,2,354.12,"At Risk"
12845,289,4,354.09,"At Risk"
15870,54,1,354.09,"At Risk"
12715,128,1,353.86,"At Risk"
17252,138,2,353.86,"At Risk"
13210,115,1,353.48,"At Risk"
13343,199,1,353.43,"At Risk"
14761,80,2,353.40,Potential
17969,188,2,353.40,"At Risk"
14804,30,1,353.27,"At Risk"
15678,74,1,352.70,"At Risk"
18112,34,2,352.69,Potential
15334,178,3,351.67,"At Risk"
12566,108,1,351.65,"At Risk"
13923,75,1,351.13,"At Risk"
15900,45,1,351.11,"At Risk"
13332,36,1,350.90,"At Risk"
13740,262,1,350.75,"At Risk"
17835,24,3,350.64,Potential
13565,41,2,350.40,Potential
17795,201,2,350.39,"At Risk"
15759,240,3,350.28,"At Risk"
12532,52,1,349.83,"At Risk"
13670,97,1,349.70,"At Risk"
13887,226,1,349.55,"At Risk"
18250,332,1,349.27,"At Risk"
15405,211,1,349.10,"At Risk"
13927,96,1,348.99,"At Risk"
13790,26,1,348.80,"At Risk"
14355,387,1,348.80,"At Risk"
18127,41,3,348.73,Potential
15579,90,2,348.60,Potential
16159,303,1,348.20,"At Risk"
13052,234,1,348.15,"At Risk"
14379,66,2,348.10,Potential
17668,23,2,347.75,Potential
16565,386,1,347.40,"At Risk"
12441,388,1,347.10,"At Risk"
13062,213,1,346.98,"At Risk"
16411,41,2,346.15,Potential
16423,46,1,346.12,"At Risk"
13091,50,1,345.82,"At Risk"
15781,47,3,345.46,Potential
17123,183,1,345.30,"At Risk"
13774,103,1,345.00,"At Risk"
14633,288,1,344.90,"At Risk"
13922,373,1,344.50,"At Risk"
16978,99,1,344.33,"At Risk"
15047,291,1,343.62,"At Risk"
15520,23,1,343.50,"At Risk"
18081,58,3,343.45,Potential
17201,75,1,342.63,"At Risk"
16851,26,3,342.45,Potential
16826,73,1,341.70,"At Risk"
13347,92,1,341.36,"At Risk"
12519,85,1,340.84,"At Risk"
15115,40,1,340.11,"At Risk"
13737,222,1,339.60,"At Risk"
17045,135,3,339.44,"At Risk"
16545,186,1,339.30,"At Risk"
17697,258,1,338.95,"At Risk"
18004,384,1,338.94,"At Risk"
17839,64,1,338.80,"At Risk"
16183,89,1,338.71,"At Risk"
15652,113,1,337.74,"At Risk"
15942,155,1,337.44,"At Risk"
13930,79,2,337.34,Potential
18269,388,1,337.20,"At Risk"
17973,73,1,337.04,"At Risk"
16105,270,1,336.96,"At Risk"
16282,361,1,336.60,"At Risk"
17914,25,1,336.43,"At Risk"
15619,32,1,336.40,"At Risk"
17384,41,2,336.40,Potential
14954,34,1,336.17,"At Risk"
18078,239,2,336.13,"At Risk"
15921,194,1,336.03,"At Risk"
12551,379,1,336.00,"At Risk"
18276,65,1,335.86,"At Risk"
14196,128,1,335.52,"At Risk"
16063,282,1,335.32,"At Risk"
17221,29,2,335.13,Potential
14988,233,1,334.54,"At Risk"
15466,107,1,334.53,"At Risk"
12350,332,1,334.40,"At Risk"
15918,212,2,334.23,"At Risk"
14264,176,2,333.97,"At Risk"
13216,289,1,333.74,"At Risk"
13727,50,2,333.48,Potential
16625,296,1,333.08,"At Risk"
14902,47,1,332.66,"At Risk"
13904,59,2,332.64,Potential
16803,87,1,332.30,"At Risk"
16177,72,1,331.95,"At Risk"
16112,165,4,331.88,"At Risk"
16030,331,1,331.24,"At Risk"
15210,247,1,331.18,"At Risk"
12891,207,3,331.00,"At Risk"
16478,47,3,331.00,Potential
15714,33,2,330.88,Potential
13706,324,1,330.79,"At Risk"
14517,55,2,330.45,Potential
15130,191,1,330.11,"At Risk"
15316,348,1,330.00,"At Risk"
12953,31,1,329.85,"At Risk"
14716,65,2,329.68,Potential
17866,164,1,329.65,"At Risk"
17615,152,3,329.60,"At Risk"
13239,283,1,329.56,"At Risk"
17154,97,1,329.34,"At Risk"
15153,53,1,329.25,"At Risk"
14012,299,1,328.80,"At Risk"
16855,45,2,328.40,Potential
14747,271,1,328.20,"At Risk"
14206,261,1,328.16,"At Risk"
16318,57,1,328.15,"At Risk"
15314,221,1,327.97,"At Risk"
14024,143,2,327.70,"At Risk"
16366,40,1,327.30,"At Risk"
14870,283,1,327.25,"At Risk"
16322,23,2,326.75,Potential
17715,222,1,326.40,"At Risk"
16071,66,1,326.24,"At Risk"
15167,342,1,326.00,"At Risk"
12844,51,2,325.96,Potential
16830,60,1,325.91,"At Risk"
14850,333,1,325.75,"At Risk"
15944,298,1,325.10,"At Risk"
12790,214,1,324.92,"At Risk"
13801,88,1,324.80,"At Risk"
15597,57,1,324.57,"At Risk"
16685,83,2,324.24,Potential
18261,65,2,324.24,Potential
14555,79,2,324.14,Potential
15675,103,3,323.69,"At Risk"
17793,47,1,323.04,"At Risk"
16739,198,1,323.00,"At Risk"
13955,176,2,322.96,"At Risk"
16627,101,1,322.80,"At Risk"
16342,97,4,322.41,"At Risk"
14424,39,1,322.08,"At Risk"
14237,395,1,322.00,"At Risk"
14484,72,1,321.92,"At Risk"
14823,202,3,321.43,"At Risk"
15236,320,1,321.05,"At Risk"
18117,47,1,320.72,"At Risk"
16096,286,1,320.62,"At Risk"
14622,206,1,320.58,"At Risk"
13986,39,1,320.46,"At Risk"
16674,76,2,319.61,Potential
16967,211,1,319.02,"At Risk"
17157,29,2,319.00,Potential
16519,47,2,318.78,Potential
17229,118,2,318.76,"At Risk"
17248,142,1,318.65,"At Risk"
14703,36,1,318.17,"At Risk"
14501,205,2,318.14,"At Risk"
12648,176,1,318.05,"At Risk"
18066,97,1,318.00,"At Risk"
17172,100,1,317.76,"At Risk"
17267,149,2,317.62,"At Risk"
16386,50,2,317.20,Potential
15257,305,1,317.15,"At Risk"
15385,62,1,316.88,"At Risk"
15243,96,1,316.68,"At Risk"
16761,118,1,316.62,"At Risk"
17458,37,1,316.50,"At Risk"
15160,379,1,316.32,"At Risk"
13494,333,1,316.26,"At Risk"
12614,299,1,315.60,"At Risk"
15766,86,1,315.06,"At Risk"
16091,176,2,315.06,"At Risk"
17237,33,2,314.69,Potential
16193,258,1,314.45,"At Risk"
12650,25,1,314.44,"At Risk"
16227,247,1,314.22,"At Risk"
17128,356,1,314.18,"At Risk"
15970,325,1,314.10,"At Risk"
17118,339,1,314.04,"At Risk"
13484,263,1,313.80,"At Risk"
16582,135,1,313.62,"At Risk"
13845,86,1,312.98,"At Risk"
15318,25,1,312.62,"At Risk"
12834,304,1,312.38,"At Risk"
17362,261,2,312.23,"At Risk"
17070,136,1,312.14,"At Risk"
16450,171,1,311.92,"At Risk"
13898,347,1,311.86,"At Risk"
14951,101,1,311.69,"At Risk"
14327,185,1,311.65,"At Risk"
12852,316,1,311.55,"At Risk"
13990,235,1,311.30,"At Risk"
17854,207,2,311.26,"At Risk"
13897,72,1,311.16,"At Risk"
14813,391,2,310.86,"At Risk"
12738,394,1,310.70,"At Risk"
17266,24,3,310.64,Potential
15185,92,1,310.62,"At Risk"
15308,296,1,310.47,"At Risk"
15447,352,1,310.34,"At Risk"
14311,264,1,310.26,"At Risk"
14924,267,1,310.05,"At Risk"
14368,341,1,310.00,"At Risk"
15699,39,1,309.65,"At Risk"
16810,214,1,309.54,"At Risk"
14339,264,1,309.52,"At Risk"
14847,170,1,309.40,"At Risk"
17604,239,2,309.36,"At Risk"
12884,110,1,309.05,"At Risk"
15010,57,1,308.94,"At Risk"
16956,39,1,308.74,"At Risk"
13699,177,1,308.58,"At Risk"
17510,46,1,308.48,"At Risk"
13466,206,1,307.90,"At Risk"
16351,354,1,307.80,"At Risk"
16123,73,1,307.78,"At Risk"
13529,100,2,307.76,"At Risk"
13395,207,1,307.72,"At Risk"
13060,275,1,307.53,"At Risk"
14915,113,2,307.48,"At Risk"
17120,255,1,307.46,"At Risk"
13932,316,1,307.40,"At Risk"
13142,41,1,307.09,"At Risk"
17334,324,2,307.02,"At Risk"
15087,303,1,306.94,"At Risk"
13762,240,1,306.72,"At Risk"
16668,37,6,306.72,Potential
13718,268,2,306.55,"At Risk"
18059,45,3,306.46,Potential
15659,65,1,306.45,"At Risk"
17176,223,1,306.13,"At Risk"
17714,342,1,306.00,"At Risk"
13863,269,1,305.78,"At Risk"
15219,198,1,305.75,"At Risk"
17889,234,2,305.72,"At Risk"
16796,111,1,305.62,"At Risk"
16181,95,1,305.54,"At Risk"
13045,121,1,305.28,"At Risk"
18220,248,1,305.28,"At Risk"
12623,298,1,305.10,"At Risk"
13667,171,1,305.02,"At Risk"
17941,152,1,304.56,"At Risk"
15163,40,2,304.47,Potential
16217,257,2,304.25,"At Risk"
18185,271,1,304.25,"At Risk"
16400,116,1,303.93,"At Risk"
13083,26,2,303.75,Potential
17339,116,2,303.36,"At Risk"
17433,110,1,303.16,"At Risk"
15060,30,4,303.09,Potential
16425,324,1,302.70,"At Risk"
18165,199,1,302.46,"At Risk"
16104,83,1,302.36,"At Risk"
16292,143,1,302.25,"At Risk"
17506,97,1,302.20,"At Risk"
15054,34,2,302.10,Potential
16297,290,1,301.90,"At Risk"
16715,100,1,301.72,"At Risk"
15667,61,1,301.32,"At Risk"
15148,32,1,301.29,"At Risk"
15139,261,2,301.06,"At Risk"
15623,163,1,301.03,"At Risk"
13479,222,2,300.95,"At Risk"
16430,79,1,300.85,"At Risk"
16479,32,2,300.83,Potential
14762,285,1,300.52,"At Risk"
15254,149,1,300.36,"At Risk"
13745,184,1,300.04,"At Risk"
18053,92,1,300.02,"At Risk"
18215,111,1,299.34,"At Risk"
17124,207,1,298.89,"At Risk"
15609,206,1,298.48,"At Risk"
17255,62,2,298.41,Potential
17824,73,1,298.40,"At Risk"
17678,285,1,298.11,"At Risk"
12881,297,1,298.00,"At Risk"
17572,93,4,297.55,"At Risk"
15857,40,1,297.00,"At Risk"
13708,293,1,296.88,"At Risk"
17531,212,1,296.70,"At Risk"
13441,113,1,296.64,"At Risk"
15154,97,1,296.42,"At Risk"
13751,310,1,296.25,"At Risk"
13504,86,1,295.93,"At Risk"
16998,171,4,295.00,"At Risk"
13573,72,2,294.40,Potential
15503,384,1,294.18,"At Risk"
14238,348,1,293.70,"At Risk"
17163,43,2,293.10,Potential
16721,284,1,292.47,"At Risk"
13259,83,1,292.32,"At Risk"
13449,45,1,291.88,"At Risk"
16893,388,1,291.86,"At Risk"
13544,61,2,291.41,Potential
14656,191,2,291.05,"At Risk"
14947,94,2,290.82,"At Risk"
16648,64,1,290.66,"At Risk"
16526,193,1,290.36,"At Risk"
17081,47,2,290.16,Potential
17524,383,1,290.00,"At Risk"
17464,180,1,289.96,"At Risk"
14953,47,1,289.82,"At Risk"
16897,321,2,289.78,"At Risk"
14162,195,2,289.36,"At Risk"
14549,333,1,289.24,"At Risk"
17501,242,2,288.60,"At Risk"
16808,121,2,288.42,"At Risk"
15396,134,1,288.18,"At Risk"
17977,51,1,288.14,"At Risk"
17080,44,2,287.62,Potential
16432,86,1,287.40,"At Risk"
13760,76,2,286.79,Potential
16555,57,2,285.89,Potential
14660,108,2,285.74,"At Risk"
17636,41,1,285.56,"At Risk"
16429,128,1,284.55,"At Risk"
13121,291,1,283.73,"At Risk"
13439,277,1,283.71,"At Risk"
12703,93,1,283.55,"At Risk"
17783,94,2,283.47,"At Risk"
18270,60,2,283.15,Potential
17694,163,1,283.12,"At Risk"
14350,296,1,282.93,"At Risk"
13177,86,1,282.45,"At Risk"
17247,37,1,282.19,"At Risk"
16557,46,2,281.85,Potential
17403,58,1,281.62,"At Risk"
16848,74,1,281.42,"At Risk"
13606,51,3,280.54,Potential
16149,26,2,280.52,Potential
14975,79,1,279.94,"At Risk"
15556,46,1,279.77,"At Risk"
14480,33,1,279.05,"At Risk"
14764,68,1,278.30,"At Risk"
14908,96,1,277.80,"At Risk"
13803,277,1,277.07,"At Risk"
15355,51,2,277.05,Potential
13272,53,2,276.56,Potential
14508,44,2,276.42,Potential
12750,150,1,275.88,"At Risk"
14512,209,2,275.28,"At Risk"
16313,25,2,274.15,Potential
17254,26,2,272.44,Potential
17498,97,1,272.22,"At Risk"
14819,86,2,272.07,Potential
13917,71,2,272.04,Potential
14816,219,1,271.85,"At Risk"
14889,358,1,271.80,"At Risk"
15174,344,1,271.50,"At Risk"
13058,46,3,271.40,Potential
17767,37,1,271.20,"At Risk"
18108,276,1,271.00,"At Risk"
17011,52,1,270.90,"At Risk"
15774,90,1,270.80,"At Risk"
16665,384,1,270.80,"At Risk"
13533,204,3,270.79,"At Risk"
14520,23,2,270.60,Potential
13242,134,3,270.40,"At Risk"
12558,29,1,269.96,"At Risk"
15562,373,1,269.10,"At Risk"
14727,296,1,268.58,"At Risk"
15408,286,1,267.18,"At Risk"
17550,219,3,267.16,"At Risk"
15320,66,1,267.13,"At Risk"
15517,255,1,267.03,"At Risk"
16451,109,1,266.97,"At Risk"
14863,51,1,266.76,"At Risk"
15119,267,1,266.40,"At Risk"
12962,29,2,266.39,Potential
17988,33,7,266.11,Potential
15019,288,1,266.00,"At Risk"
14423,240,1,265.20,"At Risk"
13973,309,1,264.70,"At Risk"
15912,200,2,264.62,"At Risk"
14452,32,2,264.44,Potential
12492,85,2,263.21,Potential
16936,47,1,262.68,"At Risk"
16835,150,2,262.60,"At Risk"
17580,274,3,262.57,"At Risk"
16413,78,1,262.20,"At Risk"
17385,36,1,261.11,"At Risk"
13189,40,2,260.68,Potential
14053,146,2,260.25,"At Risk"
15014,65,2,260.17,Potential
16679,388,1,259.50,"At Risk"
15143,247,1,259.45,"At Risk"
17125,72,1,259.35,"At Risk"
13127,99,1,259.17,"At Risk"
16447,157,1,259.01,"At Risk"
14037,198,2,259.00,"At Risk"
15577,173,3,258.88,"At Risk"
13277,37,4,258.40,Potential
13227,223,1,257.70,"At Risk"
14375,207,1,257.68,"At Risk"
18009,257,1,257.34,"At Risk"
13626,274,1,257.23,"At Risk"
12430,65,1,256.40,"At Risk"
13806,85,1,256.38,"At Risk"
17896,45,1,256.32,"At Risk"
15277,68,1,255.90,"At Risk"
14881,41,1,255.40,"At Risk"
16226,225,3,255.12,"At Risk"
15261,157,1,254.82,"At Risk"
12604,101,2,254.18,"At Risk"
15923,394,1,254.16,"At Risk"
14765,51,3,254.11,Potential
15035,111,1,252.73,"At Risk"
13404,23,2,252.49,Potential
13645,142,1,252.10,"At Risk"
13711,240,2,252.06,"At Risk"
16330,39,3,251.91,Potential
16836,61,2,251.87,Potential
17155,39,2,251.70,Potential
16976,289,1,251.52,"At Risk"
16024,34,1,251.24,"At Risk"
13512,282,1,251.21,"At Risk"
13207,37,2,250.26,Potential
18005,25,2,249.72,Potential
13061,94,1,248.61,"At Risk"
17111,69,1,248.61,"At Risk"
13672,323,2,248.52,"At Risk"
15097,26,1,248.08,"At Risk"
13592,57,4,247.96,Potential
18072,207,1,247.44,"At Risk"
13349,32,1,247.32,"At Risk"
14658,27,2,247.15,Potential
17051,216,1,247.14,"At Risk"
16658,390,1,246.48,"At Risk"
15783,32,1,246.30,"At Risk"
17967,393,1,246.14,"At Risk"
17278,263,1,246.04,"At Risk"
16778,96,2,245.94,"At Risk"
14413,384,1,245.40,"At Risk"
12660,33,1,245.10,"At Risk"
15118,156,1,244.80,"At Risk"
16601,62,1,244.80,"At Risk"
16528,25,1,244.41,"At Risk"
17892,78,3,244.10,Potential
13103,61,1,243.94,"At Risk"
16793,79,1,243.84,"At Risk"
18193,187,1,243.76,"At Risk"
13886,93,1,243.56,"At Risk"
15634,39,1,243.55,"At Risk"
14647,223,1,243.22,"At Risk"
16215,102,1,242.35,"At Risk"
13002,340,1,241.90,"At Risk"
15776,155,1,241.62,"At Risk"
14523,130,1,241.09,"At Risk"
16427,285,2,241.06,"At Risk"
15598,75,1,240.68,"At Risk"
15286,71,1,240.55,"At Risk"
17256,129,2,240.00,"At Risk"
15690,26,2,239.76,Potential
13570,265,1,239.49,"At Risk"
17684,65,1,239.41,"At Risk"
16756,236,1,239.40,"At Risk"
12561,324,1,238.85,"At Risk"
15850,41,2,238.85,Potential
15266,360,1,238.60,"At Risk"
12718,93,1,238.25,"At Risk"
17877,192,1,237.61,"At Risk"
14586,298,1,237.36,"At Risk"
15457,284,1,237.07,"At Risk"
18110,41,1,236.30,"At Risk"
12732,201,1,236.26,"At Risk"
17707,207,2,236.10,"At Risk"
16026,65,1,236.09,"At Risk"
15462,116,3,234.60,"At Risk"
14473,96,2,234.34,"At Risk"
17060,288,1,234.24,"At Risk"
16961,138,1,234.17,"At Risk"
15483,183,4,233.81,"At Risk"
13348,86,1,233.76,"At Risk"
14995,60,2,233.23,Potential
16302,148,1,233.22,"At Risk"
13678,173,1,232.60,"At Risk"
18213,258,1,232.48,"At Risk"
16117,211,1,232.21,"At Risk"
15393,38,2,231.86,Potential
15350,395,1,231.30,"At Risk"
16641,127,1,231.10,"At Risk"
18030,26,2,230.65,Potential
15866,123,1,230.53,"At Risk"
16445,55,1,230.51,"At Risk"
13960,43,2,230.22,Potential
12812,66,1,229.64,"At Risk"
13474,258,1,229.59,"At Risk"
15528,276,1,229.33,"At Risk"
14793,43,1,228.99,"At Risk"
17347,108,1,228.96,"At Risk"
13146,48,1,228.91,"At Risk"
13712,268,1,228.84,"At Risk"
13070,214,1,228.80,"At Risk"
16527,103,1,228.06,"At Risk"
12651,356,1,228.00,"At Risk"
14569,23,1,227.39,"At Risk"
17212,275,1,226.85,"At Risk"
16777,102,2,226.35,"At Risk"
16619,285,1,226.21,"At Risk"
17789,303,1,225.90,"At Risk"
14624,79,2,225.85,Potential
14357,65,1,225.77,"At Risk"
16690,94,2,225.58,"At Risk"
14052,41,1,225.36,"At Risk"
13807,389,1,225.20,"At Risk"
16587,254,1,225.15,"At Risk"
17171,311,1,224.91,"At Risk"
15175,93,1,224.14,"At Risk"
16471,296,1,223.95,"At Risk"
16753,80,1,223.92,"At Risk"
14929,54,1,223.88,"At Risk"
13926,45,1,223.85,"At Risk"
18101,33,2,223.65,Potential
15637,74,1,223.36,"At Risk"
17534,75,1,223.36,"At Risk"
13382,302,1,222.99,"At Risk"
15512,177,2,222.20,"At Risk"
15897,216,2,222.05,"At Risk"
14598,66,1,221.97,"At Risk"
13144,354,1,221.90,"At Risk"
14960,30,2,221.27,Potential
16392,291,1,221.19,"At Risk"
13419,85,1,221.06,"At Risk"
15790,32,1,220.85,"At Risk"
12734,374,1,220.80,"At Risk"
16482,37,1,220.62,"At Risk"
13079,26,5,220.10,Potential
18114,312,1,220.10,"At Risk"
13600,334,1,219.52,"At Risk"
15096,64,1,219.39,"At Risk"
16895,86,1,219.14,"At Risk"
12702,41,1,219.00,"At Risk"
13669,72,2,218.55,Potential
17619,334,1,218.52,"At Risk"
13428,32,1,218.47,"At Risk"
15724,223,2,218.25,"At Risk"
14570,302,2,218.06,"At Risk"
13271,59,1,217.38,"At Risk"
15554,299,1,217.20,"At Risk"
16080,103,2,217.16,"At Risk"
13739,40,1,216.90,"At Risk"
13503,93,1,216.85,"At Risk"
12897,226,2,216.50,"At Risk"
15604,74,1,216.39,"At Risk"
17436,23,2,216.30,Potential
14104,176,2,216.21,"At Risk"
13858,79,1,216.17,"At Risk"
16179,82,1,215.83,"At Risk"
14476,279,1,215.70,"At Risk"
16189,37,2,215.48,Potential
16190,62,1,215.08,"At Risk"
12831,284,1,215.05,"At Risk"
12588,61,1,214.90,"At Risk"
15395,347,1,214.90,"At Risk"
16338,179,1,214.80,"At Risk"
16846,72,1,214.32,"At Risk"
16647,191,2,214.06,"At Risk"
14601,32,1,213.96,"At Risk"
13621,138,1,213.85,"At Risk"
17153,46,1,213.78,"At Risk"
14241,205,1,213.70,"At Risk"
16757,340,1,213.66,"At Risk"
13411,129,1,213.55,"At Risk"
16591,90,1,213.50,"At Risk"
15540,33,1,213.30,"At Risk"
14984,41,2,213.27,Potential
17928,67,2,212.54,Potential
15070,394,1,212.40,"At Risk"
16017,69,1,211.88,"At Risk"
16356,219,3,211.77,"At Risk"
15703,286,1,211.50,"At Risk"
12995,107,1,211.32,"At Risk"
16415,66,1,210.35,"At Risk"
13532,55,1,210.31,"At Risk"
15607,358,1,209.52,"At Risk"
13828,44,1,209.49,"At Risk"
15327,74,1,208.75,"At Risk"
17514,150,1,208.65,"At Risk"
16914,58,1,208.46,"At Risk"
16457,240,1,208.36,"At Risk"
12547,219,2,207.80,"At Risk"
18191,283,1,207.80,"At Risk"
16866,162,3,207.74,"At Risk"
16323,218,1,207.50,"At Risk"
17923,304,1,207.50,"At Risk"
13099,121,1,207.36,"At Risk"
15925,216,1,207.15,"At Risk"
18126,82,1,206.83,"At Risk"
17166,60,2,206.34,Potential
14964,269,1,206.21,"At Risk"
17670,249,1,205.70,"At Risk"
18011,395,1,205.58,"At Risk"
17843,325,1,205.48,"At Risk"
15307,117,1,205.30,"At Risk"
15758,46,1,205.25,"At Risk"
13513,148,1,205.10,"At Risk"
15319,305,1,204.50,"At Risk"
17206,75,1,204.24,"At Risk"
13017,29,1,204.00,"At Risk"
13948,382,1,204.00,"At Risk"
18273,24,3,204.00,Potential
17187,248,1,203.95,"At Risk"
17394,241,1,203.87,"At Risk"
17891,184,1,203.86,"At Risk"
17376,92,2,203.20,"At Risk"
17643,395,1,203.10,"At Risk"
14381,74,1,202.68,"At Risk"
18169,82,1,202.65,"At Risk"
14385,31,3,202.11,Potential
16965,248,1,201.19,"At Risk"
17693,159,1,200.47,"At Risk"
13262,285,1,200.29,"At Risk"
15437,284,1,200.16,"At Risk"
13980,82,1,200.14,"At Risk"
13723,239,1,199.85,"At Risk"
15593,92,1,199.80,"At Risk"
13322,39,1,199.48,"At Risk"
17383,26,1,199.29,"At Risk"
16832,206,3,199.15,"At Risk"
13703,340,1,199.00,"At Risk"
17987,207,1,198.57,"At Risk"
16178,160,1,197.90,"At Risk"
12450,178,2,197.88,"At Risk"
12581,61,1,197.71,"At Risk"
14789,50,1,197.64,"At Risk"
17301,43,1,197.63,"At Risk"
16829,178,1,197.22,"At Risk"
14830,75,1,197.13,"At Risk"
15234,298,1,197.00,"At Risk"
12586,39,1,196.94,"At Risk"
13436,23,1,196.89,"At Risk"
15746,156,1,196.88,"At Risk"
13978,36,2,196.79,Potential
17660,163,1,196.00,"At Risk"
13792,88,2,195.55,Potential
15422,345,2,195.40,"At Risk"
17010,40,1,195.36,"At Risk"
14666,46,1,195.25,"At Risk"
15612,58,2,195.15,Potential
14100,159,1,194.90,"At Risk"
16887,57,1,194.88,"At Risk"
14087,24,1,194.42,"At Risk"
17475,101,1,194.37,"At Risk"
15683,139,1,193.75,"At Risk"
15198,114,2,193.64,"At Risk"
16847,65,1,193.44,"At Risk"
17608,55,2,193.42,Potential
14806,97,1,193.39,"At Risk"
14801,83,1,193.14,"At Risk"
13568,195,1,192.85,"At Risk"
12522,61,2,192.72,Potential
14768,39,2,192.60,Potential
15909,195,1,191.94,"At Risk"
17904,43,1,191.67,"At Risk"
14966,36,1,191.32,"At Risk"
15692,50,1,191.04,"At Risk"
17233,57,1,190.88,"At Risk"
15412,193,1,190.53,"At Risk"
13972,92,2,190.25,"At Risk"
17885,34,1,190.19,"At Risk"
12361,309,1,189.90,"At Risk"
13826,198,1,189.50,"At Risk"
13663,201,1,189.47,"At Risk"
18045,67,1,189.40,"At Risk"
16448,220,1,188.89,"At Risk"
16387,344,1,188.72,"At Risk"
14697,240,2,188.61,"At Risk"
12893,52,1,188.14,"At Risk"
17781,181,2,188.02,"At Risk"
17026,207,2,187.98,"At Risk"
14722,169,1,187.92,"At Risk"
17279,79,1,187.83,"At Risk"
18013,177,2,187.29,"At Risk"
17440,178,3,186.42,"At Risk"
14551,40,2,186.23,Potential
15567,40,1,186.01,"At Risk"
12641,137,1,185.90,"At Risk"
17574,264,1,185.65,"At Risk"
14199,240,1,185.40,"At Risk"
16097,262,1,185.05,"At Risk"
13482,254,1,184.64,"At Risk"
17680,45,1,184.40,"At Risk"
16433,50,1,184.26,"At Risk"
15124,44,2,184.19,Potential
14326,264,1,183.85,"At Risk"
16680,65,1,183.70,"At Risk"
13551,341,1,183.60,"At Risk"
14059,288,1,183.60,"At Risk"
13460,51,2,183.44,Potential
13059,271,1,183.40,"At Risk"
17772,32,2,182.77,Potential
15886,82,1,181.09,"At Risk"
16594,97,1,181.09,"At Risk"
15292,223,1,180.94,"At Risk"
18280,299,1,180.60,"At Risk"
13710,53,1,180.48,"At Risk"
15041,192,1,180.35,"At Risk"
13598,69,1,180.17,"At Risk"
12622,254,1,180.10,"At Risk"
18147,67,2,179.34,Potential
15895,171,1,179.17,"At Risk"
14705,220,1,179.00,"At Risk"
16990,240,1,179.00,"At Risk"
16620,25,2,178.96,Potential
13778,125,1,178.70,"At Risk"
17879,195,1,178.52,"At Risk"
12686,393,1,178.28,"At Risk"
17253,40,1,178.26,"At Risk"
17356,333,1,178.22,"At Risk"
18282,29,2,178.05,Potential
16403,334,1,177.50,"At Risk"
13618,195,1,177.34,"At Risk"
12618,43,1,177.31,"At Risk"
13072,288,1,177.15,"At Risk"
12923,86,1,176.97,"At Risk"
17947,59,1,176.68,"At Risk"
14287,30,3,176.63,Potential
12509,306,1,176.50,"At Risk"
18274,52,1,175.92,"At Risk"
17582,258,1,175.27,"At Risk"
16144,268,1,175.20,"At Risk"
17331,145,1,175.20,"At Risk"
15180,389,1,175.00,"At Risk"
18010,278,1,174.80,"At Risk"
13560,29,1,174.37,"At Risk"
14518,86,1,174.37,"At Risk"
15335,75,1,173.97,"At Risk"
18278,95,1,173.90,"At Risk"
16861,81,2,173.76,Potential
14798,74,3,173.74,Potential
15565,72,2,173.16,Potential
15670,318,1,173.05,"At Risk"
14693,286,1,172.90,"At Risk"
18048,225,2,172.29,"At Risk"
13690,81,1,172.25,"At Risk"
12442,25,1,172.06,"At Risk"
14536,281,1,171.80,"At Risk"
16773,79,1,171.59,"At Risk"
17245,226,1,171.45,"At Risk"
15432,45,1,171.19,"At Risk"
17542,291,1,170.75,"At Risk"
14860,41,1,170.32,"At Risk"
18058,31,1,170.16,"At Risk"
15016,194,1,170.04,"At Risk"
16921,83,1,169.79,"At Risk"
13962,43,2,169.55,Potential
14218,64,1,169.48,"At Risk"
12367,26,1,168.90,"At Risk"
14578,25,1,168.63,"At Risk"
17367,260,1,168.40,"At Risk"
15888,102,1,168.31,"At Risk"
18099,149,1,168.31,"At Risk"
17737,31,2,168.24,Potential
15986,52,1,168.12,"At Risk"
15374,150,1,168.00,"At Risk"
18088,83,1,167.67,"At Risk"
17561,41,1,167.62,"At Risk"
16952,131,2,167.61,"At Risk"
15920,176,4,167.50,"At Risk"
16405,324,2,167.25,"At Risk"
18014,50,1,166.42,"At Risk"
14295,62,1,166.20,"At Risk"
17650,43,1,166.08,"At Risk"
12817,303,1,166.04,"At Risk"
14485,60,1,165.75,"At Risk"
14552,173,1,165.07,"At Risk"
18042,75,1,165.05,"At Risk"
13470,121,2,165.00,"At Risk"
15904,30,1,164.68,"At Risk"
17535,302,1,164.40,"At Risk"
13603,48,1,164.34,"At Risk"
12920,39,1,164.23,"At Risk"
18200,128,1,163.80,"At Risk"
14354,27,2,163.62,Potential
17110,187,1,163.30,"At Risk"
13223,222,2,163.20,"At Risk"
16406,40,1,163.07,"At Risk"
16517,299,1,162.70,"At Risk"
15733,304,1,162.30,"At Risk"
15325,125,1,162.29,"At Risk"
16932,75,1,161.94,"At Risk"
17600,39,1,161.67,"At Risk"
15458,47,1,161.64,"At Risk"
16113,205,1,161.38,"At Risk"
17752,381,1,161.28,"At Risk"
14362,44,1,161.20,"At Risk"
14204,24,1,161.03,"At Risk"
14089,78,1,161.00,"At Risk"
13229,247,1,160.95,"At Risk"
15852,208,2,160.71,"At Risk"
17344,68,1,160.57,"At Risk"
12573,249,1,160.54,"At Risk"
18203,179,1,160.42,"At Risk"
18146,162,2,160.35,"At Risk"
14714,46,1,160.19,"At Risk"
12966,31,1,160.18,"At Risk"
13420,171,2,159.85,"At Risk"
13747,395,1,159.20,"At Risk"
16213,100,1,159.00,"At Risk"
18224,285,1,158.95,"At Risk"
13937,191,1,158.85,"At Risk"
17165,306,1,158.68,"At Risk"
15348,94,1,158.04,"At Risk"
15988,41,1,158.03,"At Risk"
17556,227,1,157.90,"At Risk"
14799,73,1,157.70,"At Risk"
14148,255,1,157.20,"At Risk"
14585,72,1,157.05,"At Risk"
15007,181,1,156.91,"At Risk"
14406,141,1,156.75,"At Risk"
15438,153,1,156.58,"At Risk"
15263,128,1,156.51,"At Risk"
17871,226,1,155.90,"At Risk"
17899,181,1,155.80,"At Risk"
17832,71,1,155.37,"At Risk"
16720,48,1,155.24,"At Risk"
13809,327,1,155.05,"At Risk"
14046,306,1,154.99,"At Risk"
17698,282,1,154.95,"At Risk"
15740,71,1,154.88,"At Risk"
15226,332,1,154.41,"At Risk"
17517,330,1,153.94,"At Risk"
17286,43,1,153.92,"At Risk"
12602,80,1,153.12,"At Risk"
14373,380,1,153.10,"At Risk"
16248,83,1,152.94,"At Risk"
17984,167,1,152.68,"At Risk"
18138,317,1,152.65,"At Risk"
14090,346,1,152.64,"At Risk"
18113,390,1,152.64,"At Risk"
14066,288,1,152.55,"At Risk"
13514,95,1,152.20,"At Risk"
14039,55,1,152.20,"At Risk"
17898,107,2,152.06,"At Risk"
16617,257,1,151.85,"At Risk"
16412,75,1,151.83,"At Risk"
14208,116,1,151.74,"At Risk"
13462,274,1,151.50,"At Risk"
16461,199,1,151.42,"At Risk"
13697,60,1,151.30,"At Risk"
16337,58,1,151.05,"At Risk"
14073,54,1,151.04,"At Risk"
15717,256,1,150.30,"At Risk"
17234,204,1,149.89,"At Risk"
15869,299,2,149.64,"At Risk"
17946,255,2,149.58,"At Risk"
18262,162,1,149.48,"At Risk"
15748,62,1,149.31,"At Risk"
15435,44,1,149.29,"At Risk"
13003,127,3,149.05,"At Risk"
17549,45,2,148.86,Potential
18050,381,1,148.80,"At Risk"
15526,55,2,148.44,Potential
17859,326,1,148.21,"At Risk"
14968,52,1,147.59,"At Risk"
14098,58,1,147.35,"At Risk"
12864,160,1,147.12,"At Risk"
18032,356,1,147.00,"At Risk"
17030,85,1,146.87,"At Risk"
12565,310,1,145.92,"At Risk"
17935,160,2,145.79,"At Risk"
13866,96,1,145.67,"At Risk"
15937,86,1,145.35,"At Risk"
16598,307,1,145.05,"At Risk"
16852,32,2,144.91,Potential
12974,219,1,144.80,"At Risk"
14109,94,1,144.20,"At Risk"
12587,29,1,144.00,"At Risk"
17186,68,2,144.00,Potential
17578,240,1,143.46,"At Risk"
15705,223,1,143.10,"At Risk"
13299,290,1,142.50,"At Risk"
16287,191,1,142.50,"At Risk"
13584,328,1,142.40,"At Risk"
14386,318,1,142.40,"At Risk"
13561,237,1,141.86,"At Risk"
14041,288,1,141.41,"At Risk"
15388,292,1,140.54,"At Risk"
13483,87,1,140.34,"At Risk"
14494,47,1,139.56,"At Risk"
16483,214,1,139.35,"At Risk"
17718,254,1,139.35,"At Risk"
14772,134,1,139.26,"At Risk"
18209,50,1,139.10,"At Risk"
15135,261,1,139.05,"At Risk"
13273,135,1,138.98,"At Risk"
12902,286,1,138.68,"At Risk"
14581,38,1,138.60,"At Risk"
17122,141,1,138.32,"At Risk"
13716,291,1,138.28,"At Risk"
15663,128,1,138.14,"At Risk"
12512,88,2,138.03,Potential
16050,195,1,137.90,"At Risk"
13279,100,1,137.75,"At Risk"
17709,191,1,137.45,"At Risk"
15836,72,1,137.37,"At Risk"
14483,303,1,137.10,"At Risk"
17468,32,2,137.00,Potential
15691,274,1,136.80,"At Risk"
14247,300,1,136.77,"At Risk"
17972,263,1,136.04,"At Risk"
16462,95,3,136.00,"At Risk"
12968,134,1,135.95,"At Risk"
15042,221,1,135.93,"At Risk"
15419,46,1,135.86,"At Risk"
16114,192,1,135.75,"At Risk"
15276,88,1,135.31,"At Risk"
12851,118,1,135.18,"At Risk"
13364,93,1,134.96,"At Risk"
16055,242,1,134.80,"At Risk"
14340,240,1,134.70,"At Risk"
14174,55,1,134.46,"At Risk"
12837,195,1,134.10,"At Risk"
14280,218,1,134.04,"At Risk"
16424,213,1,133.56,"At Risk"
14349,32,1,133.50,"At Risk"
12445,44,1,133.40,"At Risk"
17881,326,1,133.35,"At Risk"
15709,305,1,133.25,"At Risk"
17647,87,1,133.06,"At Risk"
17785,75,1,131.94,"At Risk"
14438,328,1,131.90,"At Risk"
17297,39,1,131.78,"At Risk"
17455,225,1,131.70,"At Risk"
14795,188,1,131.45,"At Risk"
15844,68,1,130.74,"At Risk"
16611,208,1,129.49,"At Risk"
16623,267,1,129.45,"At Risk"
16828,115,2,128.50,"At Risk"
15543,310,1,127.86,"At Risk"
17359,33,1,127.86,"At Risk"
13781,272,1,127.84,"At Risk"
15578,184,1,127.10,"At Risk"
14962,292,1,126.70,"At Risk"
16414,43,2,126.25,Potential
15463,51,1,126.14,"At Risk"
16988,27,1,126.12,"At Risk"
12665,346,1,126.00,"At Risk"
14437,387,1,126.00,"At Risk"
12814,123,1,125.92,"At Risk"
13522,52,1,125.80,"At Risk"
14861,74,1,125.79,"At Risk"
14890,275,1,125.65,"At Risk"
15017,55,1,125.58,"At Risk"
12531,36,1,125.22,"At Risk"
17148,73,1,124.88,"At Risk"
16849,208,1,124.57,"At Risk"
16569,25,1,124.20,"At Risk"
14495,72,2,123.80,Potential
15917,269,1,123.10,"At Risk"
13519,100,1,122.75,"At Risk"
13876,85,1,122.70,"At Risk"
13638,37,1,122.64,"At Risk"
14165,297,1,122.54,"At Risk"
14076,151,1,122.47,"At Risk"
16073,319,1,122.40,"At Risk"
18018,130,2,122.14,"At Risk"
13244,114,1,121.74,"At Risk"
13182,67,1,121.18,"At Risk"
15049,295,1,121.17,"At Risk"
17446,198,2,120.90,"At Risk"
18015,26,1,120.03,"At Risk"
14259,163,1,120.00,"At Risk"
14314,128,1,120.00,"At Risk"
14453,212,1,119.93,"At Risk"
16542,75,1,119.62,"At Risk"
16666,41,1,118.98,"At Risk"
15843,325,1,118.95,"At Risk"
17079,100,1,118.80,"At Risk"
14155,288,1,118.75,"At Risk"
13581,331,1,118.00,"At Risk"
13193,83,1,117.88,"At Risk"
12929,333,1,117.85,"At Risk"
17654,299,1,117.55,"At Risk"
16959,109,1,117.35,"At Risk"
13877,108,1,117.24,"At Risk"
17117,310,1,116.20,"At Risk"
13170,48,1,116.01,"At Risk"
17601,261,1,116.01,"At Risk"
14143,155,1,115.80,"At Risk"
13067,104,1,115.46,"At Risk"
18027,120,1,115.31,"At Risk"
14972,150,1,114.77,"At Risk"
13188,33,1,114.60,"At Risk"
14632,284,1,114.56,"At Risk"
16247,192,1,114.56,"At Risk"
14974,59,1,114.39,"At Risk"
17852,33,2,114.34,Potential
17219,53,1,114.23,"At Risk"
14652,99,1,114.18,"At Risk"
12938,47,1,114.14,"At Risk"
14582,62,1,114.11,"At Risk"
14457,332,1,113.64,"At Risk"
15445,286,1,113.50,"At Risk"
17217,256,1,113.50,"At Risk"
18105,59,1,113.48,"At Risk"
16913,312,1,113.44,"At Risk"
15280,194,1,113.12,"At Risk"
14689,230,1,112.80,"At Risk"
13161,335,1,112.75,"At Risk"
16697,263,1,112.75,"At Risk"
18129,265,1,112.55,"At Risk"
15899,390,1,112.50,"At Risk"
15610,73,1,112.46,"At Risk"
17038,52,1,112.40,"At Risk"
14271,247,1,112.32,"At Risk"
17893,247,1,112.25,"At Risk"
17900,212,2,112.20,"At Risk"
12756,108,1,112.08,"At Risk"
17274,57,1,111.98,"At Risk"
17957,88,1,111.68,"At Risk"
17887,151,1,111.35,"At Risk"
18120,236,1,111.15,"At Risk"
13508,265,1,110.97,"At Risk"
15537,185,1,110.92,"At Risk"
15853,73,1,110.80,"At Risk"
17349,201,1,110.75,"At Risk"
16963,209,1,110.55,"At Risk"
14641,43,1,110.46,"At Risk"
16792,304,2,110.38,"At Risk"
17901,51,1,110.38,"At Risk"
18277,80,1,110.38,"At Risk"
17746,262,1,110.25,"At Risk"
17836,69,1,110.21,"At Risk"
16339,306,1,109.95,"At Risk"
13133,295,2,109.80,"At Risk"
18037,176,6,109.57,"At Risk"
16363,75,1,109.36,"At Risk"
14699,236,1,109.13,"At Risk"
14345,60,1,108.98,"At Risk"
17639,298,1,108.50,"At Risk"
16106,87,1,108.38,"At Risk"
13226,295,1,108.21,"At Risk"
12956,328,1,108.07,"At Risk"
14661,48,1,107.95,"At Risk"
16784,41,1,107.60,"At Risk"
15168,47,1,106.56,"At Risk"
17791,51,1,106.10,"At Risk"
16581,204,1,105.84,"At Risk"
15775,267,1,104.90,"At Risk"
14027,82,1,104.82,"At Risk"
15958,96,1,104.35,"At Risk"
18174,29,1,104.00,"At Risk"
17548,255,1,103.30,"At Risk"
18255,111,1,103.30,"At Risk"
14542,207,1,103.25,"At Risk"
17962,164,1,102.83,"At Risk"
14836,32,3,102.45,Potential
14981,268,1,102.12,"At Risk"
15212,263,1,101.80,"At Risk"
16516,52,1,101.70,"At Risk"
18068,311,1,101.70,"At Risk"
16006,233,1,101.40,"At Risk"
18086,296,1,101.34,"At Risk"
13101,256,1,101.19,"At Risk"
13011,394,1,101.10,"At Risk"
16344,180,1,101.10,"At Risk"
16498,183,2,100.97,"At Risk"
14946,36,1,100.90,"At Risk"
17427,93,1,100.80,"At Risk"
14371,317,1,100.50,"At Risk"
17939,181,1,99.14,"At Risk"
15256,170,1,98.45,"At Risk"
17538,47,1,98.42,"At Risk"
17895,66,1,98.00,"At Risk"
18033,87,1,97.97,"At Risk"
14821,388,1,97.60,"At Risk"
12984,40,1,97.50,"At Risk"
17325,302,1,96.80,"At Risk"
15216,109,1,96.60,"At Risk"
14642,80,1,96.12,"At Risk"
17024,67,3,95.85,Potential
18249,39,1,95.34,"At Risk"
12548,188,1,95.20,"At Risk"
13651,57,2,94.20,Potential
15397,311,1,94.00,"At Risk"
15428,37,1,93.78,"At Risk"
18227,239,1,93.75,"At Risk"
13283,81,2,93.66,Potential
17991,247,2,93.35,"At Risk"
12821,236,1,92.72,"At Risk"
14054,87,1,92.46,"At Risk"
12789,87,1,91.85,"At Risk"
13160,44,1,91.80,"At Risk"
12659,51,1,91.68,"At Risk"
15488,114,1,91.32,"At Risk"
13947,87,1,90.60,"At Risk"
14353,237,1,90.60,"At Risk"
18084,38,1,90.48,"At Risk"
16506,41,2,90.30,Potential
15552,239,1,90.12,"At Risk"
16597,26,1,90.04,"At Risk"
14117,165,1,90.00,"At Risk"
14219,26,1,89.94,"At Risk"
14865,29,2,89.40,Potential
14760,319,1,89.20,"At Risk"
14436,120,1,89.06,"At Risk"
12353,226,1,89.00,"At Risk"
15083,278,1,88.20,"At Risk"
13296,159,1,87.40,"At Risk"
15541,136,1,85.13,"At Risk"
13841,274,1,85.00,"At Risk"
15729,234,1,85.00,"At Risk"
13666,82,3,84.65,Potential
12401,325,1,84.30,"At Risk"
17309,117,1,82.75,"At Risk"
13006,78,1,81.57,"At Risk"
17620,81,1,81.44,"At Risk"
18281,202,1,80.82,"At Risk"
16789,30,1,80.80,"At Risk"
13967,167,1,80.70,"At Risk"
14589,393,1,79.50,"At Risk"
15753,326,1,79.20,"At Risk"
16078,305,1,79.20,"At Risk"
17942,29,1,77.50,"At Risk"
14785,32,2,77.40,Potential
13132,283,1,77.30,"At Risk"
13992,52,1,76.80,"At Risk"
13106,155,1,76.50,"At Risk"
17536,199,1,76.50,"At Risk"
15668,239,1,76.32,"At Risk"
16148,318,1,76.32,"At Risk"
12855,394,1,76.20,"At Risk"
17995,303,1,76.10,"At Risk"
17628,103,1,75.75,"At Risk"
16610,241,1,75.66,"At Risk"
13403,39,1,75.00,"At Risk"
16468,96,1,74.90,"At Risk"
13095,92,1,74.40,"At Risk"
17960,193,1,73.78,"At Risk"
12506,254,1,73.50,"At Risk"
16171,81,1,73.20,"At Risk"
17906,269,1,72.90,"At Risk"
13686,204,1,72.00,"At Risk"
13938,57,1,71.66,"At Risk"
13185,289,1,71.40,"At Risk"
17747,134,1,71.40,"At Risk"
17022,53,1,71.00,"At Risk"
14576,394,1,70.80,"At Risk"
15863,47,2,68.84,Potential
14393,240,1,67.95,"At Risk"
13684,307,1,67.23,"At Risk"
17382,87,1,65.40,"At Risk"
13130,116,1,64.00,"At Risk"
13302,177,1,63.75,"At Risk"
17263,230,1,63.44,"At Risk"
14840,289,1,62.85,"At Risk"
13218,149,1,62.64,"At Risk"
15516,66,3,62.43,Potential
13194,157,1,60.70,"At Risk"
17174,239,1,59.90,"At Risk"
13391,225,1,59.80,"At Risk"
13682,209,1,59.50,"At Risk"
14957,275,1,58.49,"At Risk"
13080,201,1,58.08,"At Risk"
17775,276,1,56.40,"At Risk"
13366,72,1,56.16,"At Risk"
16349,312,1,53.50,"At Risk"
15504,103,1,52.83,"At Risk"
17816,58,4,52.77,Potential
13832,41,1,52.20,"At Risk"
14682,209,2,52.00,"At Risk"
15313,132,1,52.00,"At Risk"
17844,128,1,51.56,"At Risk"
14351,186,1,51.00,"At Risk"
18184,37,1,49.80,"At Risk"
15603,100,1,48.48,"At Risk"
16257,198,1,46.95,"At Risk"
14080,54,1,45.60,"At Risk"
15423,60,1,43.50,"At Risk"
14300,40,1,43.20,"At Risk"
15992,25,1,41.99,"At Risk"
15178,282,1,40.50,"At Risk"
12977,178,1,39.24,"At Risk"
16659,211,1,39.12,"At Risk"
18019,73,1,38.45,"At Risk"
16162,274,1,37.40,"At Risk"
15940,333,1,35.80,"At Risk"
16856,36,1,35.40,"At Risk"
17831,55,1,35.40,"At Risk"
15744,99,1,34.80,"At Risk"
16765,316,1,34.00,"At Risk"
17408,185,1,32.65,"At Risk"
13120,260,1,30.60,"At Risk"
15657,44,1,30.00,"At Risk"
15823,394,1,30.00,"At Risk"
17102,283,1,25.50,"At Risk"
18268,156,1,25.50,"At Risk"
16953,52,1,20.80,"At Risk"
17986,78,1,20.80,"At Risk"
16093,128,1,17.00,"At Risk"
13307,142,1,15.00,"At Risk"
17763,285,1,15.00,"At Risk"
16878,106,1,13.30,"At Risk"
17956,271,1,12.75,"At Risk"
16454,66,2,6.90,Potential
14792,85,1,6.20,"At Risk"
16738,319,1,3.75,"At Risk"
